choice_0_0;choice_1_0;choice_2_0;choice_3_0;av_0_0;av_1_0;av_2_0;av_3_0;LADE_TANK_ZEIT_0_0;LADE_TANK_ZEIT_1_0;LADE_TANK_ZEIT_2_0;LADE_TANK_ZEIT_3_0;MEAN_HH_AGE_0_0;MEAN_HH_AGE_1_0;MEAN_HH_AGE_2_0;MEAN_HH_AGE_3_0;RELATIVER_KAUFPREIS_0_0;REICHWEITE_DURCH100_0_0;RELATIVER_KAUFPREIS_1_0;REICHWEITE_DURCH100_1_0;RELATIVER_KAUFPREIS_2_0;REICHWEITE_DURCH100_2_0;RELATIVER_KAUFPREIS_3_0;REICHWEITE_DURCH100_3_0
1;0;0;0;1;1;1;0;2;2;15;0;52;52;52;52;8.235294118;7;22.35294118;5;12.94117647;2.5;0;0
0;0;1;0;1;1;1;0;2;2;5;0;33.25;33.25;33.25;33.25;4.761904762;7;8.571428571;5;10.47619048;2.5;0;0
0;0;0;1;0;1;1;1;0;2;10;2;66.5;66.5;66.5;66.5;0;0;13.84615385;5;20;6.5;13.84615385;6
0;0;1;0;0;1;1;0;0;2;5;0;34;34;34;34;0;0;13.10344828;5;4.137931034;6.5;0;0
0;0;0;1;1;0;0;1;2;0;0;2;37;37;37;37;7.222222222;5;0;0;0;0;5;6
0;0;1;0;1;0;1;1;2;0;5;2;23;23;23;23;17.89473684;5;0;0;15.78947368;4.5;9.473684211;4
0;0;1;0;1;0;1;0;2;0;25;0;33.66666667;33.66666667;33.66666667;33.66666667;15.29411765;9;0;0;22.35294118;4.5;0;0
0;0;1;0;1;1;1;0;2;2;15;0;48;48;48;48;13.68421053;7;5.263157895;9;5.263157895;2.5;0;0
1;0;0;0;1;0;1;0;2;0;15;0;69.5;69.5;69.5;69.5;8.235294118;7;0;0;7.058823529;6.5;0;0
1;0;0;0;1;1;1;0;2;2;20;0;18.25;18.25;18.25;18.25;10.76923077;7;16.92307692;5;29.23076923;4.5;0;0
0;0;1;0;0;1;1;1;0;2;10;2;28.33333333;28.33333333;28.33333333;28.33333333;0;0;42.22222222;5;28.88888889;4.5;20;8
0;0;1;0;0;1;1;1;0;2;10;2;56;56;56;56;0;0;12;5;6.666666667;4.5;13.33333333;8
0;0;0;1;1;0;1;1;2;0;25;2;20.75;20.75;20.75;20.75;13.6;7;0;0;4.8;2.5;8.8;8
0;0;0;1;0;1;1;1;0;2;10;2;53.5;53.5;53.5;53.5;0;0;15.55555556;7;22.22222222;2.5;20;8
0;0;0;1;1;0;1;1;2;0;20;2;68.5;68.5;68.5;68.5;32;9;0;0;28;2.5;36;6
0;0;1;0;0;1;1;1;0;2;10;2;59;59;59;59;0;0;37.77777778;7;15.55555556;6.5;24.44444444;4
0;1;0;0;0;1;1;0;0;2;5;0;55;55;55;55;0;0;15.55555556;9;42.22222222;4.5;0;0
0;0;0;1;0;1;1;1;0;2;15;2;44;44;44;44;0;0;10.76923077;9;20;4.5;13.84615385;4
0;1;0;0;1;1;1;0;2;2;20;0;57.5;57.5;57.5;57.5;3.888888889;7;6.111111111;5;7.222222222;6.5;0;0
0;0;0;1;1;0;1;1;2;0;5;2;39;39;39;39;12.94117647;5;0;0;9.411764706;4.5;10.58823529;8
0;1;0;0;0;1;1;1;0;2;15;2;21.2;21.2;21.2;21.2;0;0;23.63636364;9;10.90909091;2.5;16.36363636;6
0;0;0;1;0;0;1;1;0;0;10;2;50.5;50.5;50.5;50.5;0;0;0;0;44;2.5;32;6
0;1;0;0;1;1;1;0;2;2;5;0;62;62;62;62;23.63636364;5;5.454545455;9;20;4.5;0;0
0;0;1;0;1;1;1;0;2;2;25;0;21.2;21.2;21.2;21.2;5.454545455;7;20;5;20;6.5;0;0
0;0;1;0;1;0;1;0;2;0;25;0;38.66666667;38.66666667;38.66666667;38.66666667;9.62962963;9;0;0;14.07407407;4.5;0;0
0;1;0;0;0;1;1;0;0;2;20;0;57.5;57.5;57.5;57.5;0;0;10;9;24.28571429;6.5;0;0
1;0;0;0;1;0;1;1;2;0;20;2;30.25;30.25;30.25;30.25;6.086956522;9;0;0;8.695652174;2.5;13.04347826;4
0;0;0;1;0;1;1;1;0;2;10;2;32;32;32;32;0;0;2.608695652;9;9.565217391;2.5;7.826086957;6
0;1;0;0;0;1;1;1;0;2;10;2;56;56;56;56;0;0;8.235294118;9;22.35294118;4.5;9.411764706;4
0;0;1;0;0;1;1;0;0;2;20;0;69;69;69;69;0;0;20;7;23.63636364;6.5;0;0
0;0;1;0;0;1;1;1;0;2;10;2;46;46;46;46;0;0;34.54545455;7;10.90909091;6.5;20;4
0;0;0;1;1;0;1;1;2;0;20;2;51.5;51.5;51.5;51.5;33.33333333;9;0;0;33.33333333;4.5;17.77777778;4
0;1;0;0;0;1;1;1;0;2;10;2;70.5;70.5;70.5;70.5;0;0;16.92307692;9;4.615384615;4.5;26.15384615;8
0;1;0;0;0;1;1;0;0;2;5;0;34;34;34;34;0;0;40;9;60;4.5;0;0
0;0;1;0;1;0;1;1;2;0;20;2;55.5;55.5;55.5;55.5;4.8;9;0;0;5.6;6.5;8.8;4
1;0;0;0;1;0;1;0;2;0;20;0;39;39;39;39;9.090909091;5;0;0;23.63636364;6.5;0;0
0;0;1;0;1;1;1;0;2;2;5;0;28;28;28;28;17.33333333;9;14.66666667;7;8;2.5;0;0
0;0;1;0;1;0;1;1;2;0;10;2;64.66666667;64.66666667;64.66666667;64.66666667;17.33333333;9;0;0;12;2.5;20;6
0;0;1;0;1;0;1;1;2;0;15;2;29;29;29;29;15.29411765;9;0;0;10.58823529;2.5;9.411764706;6
0;0;1;0;1;0;1;0;2;0;15;0;22.33333333;22.33333333;22.33333333;22.33333333;3.888888889;7;0;0;6.111111111;2.5;0;0
0;0;1;0;0;1;1;1;0;2;15;2;57.5;57.5;57.5;57.5;0;0;24.44444444;7;28.88888889;6.5;33.33333333;4
1;0;0;0;1;0;1;0;2;0;5;0;33;33;33;33;2.777777778;9;0;0;2.777777778;2.5;0;0
0;0;1;0;1;0;1;1;2;0;10;2;31.25;31.25;31.25;31.25;13.75;5;0;0;18.75;6.5;13.75;4
0;0;1;0;1;1;1;0;2;2;20;0;50;50;50;50;130;7;70;9;80;6.5;0;0
1;0;0;0;1;1;1;0;2;2;15;0;38.33333333;38.33333333;38.33333333;38.33333333;8.571428571;9;24.28571429;5;18.57142857;4.5;0;0
0;0;0;1;1;0;1;1;2;0;20;2;32.33333333;32.33333333;32.33333333;32.33333333;20;7;0;0;15.55555556;6.5;24.44444444;4
1;0;0;0;1;1;0;1;2;2;0;2;18;18;18;18;2.777777778;9;5.555555556;5;0;0;5;6
0;0;0;1;0;1;1;1;0;2;5;2;64.5;64.5;64.5;64.5;0;0;10.4;7;5.6;6.5;8;4
0;1;0;0;0;1;1;1;0;2;15;2;65.5;65.5;65.5;65.5;0;0;10.76923077;7;23.07692308;6.5;12.30769231;8
0;1;0;0;0;1;1;0;0;2;20;0;21;21;21;21;0;0;52;9;32;4.5;0;0
1;0;0;0;1;0;1;0;2;0;15;0;30.25;30.25;30.25;30.25;6.086956522;9;0;0;13.04347826;4.5;0;0
0;0;0;1;1;0;1;1;2;0;10;2;19.25;19.25;19.25;19.25;6.666666667;9;0;0;12;2.5;14.66666667;6
0;0;1;0;0;0;1;1;0;0;20;2;33.4;33.4;33.4;33.4;0;0;0;0;31.42857143;6.5;31.42857143;4
0;0;1;0;1;0;1;0;2;0;10;0;64;64;64;64;13.68421053;5;0;0;7.368421053;4.5;0;0
1;0;0;0;1;1;1;0;2;2;5;0;36.33333333;36.33333333;36.33333333;36.33333333;27.14285714;5;8.571428571;9;10;4.5;0;0
1;0;0;0;1;0;1;1;2;0;10;2;39.66666667;39.66666667;39.66666667;39.66666667;13.04347826;7;0;0;7.826086957;6.5;7.826086957;4
0;1;0;0;0;1;1;1;0;2;5;2;25;25;25;25;0;0;5.882352941;7;12.94117647;2.5;10.58823529;8
0;0;0;1;0;1;1;1;0;2;20;2;28.5;28.5;28.5;28.5;0;0;6.111111111;9;5;4.5;5;4
0;0;0;1;1;0;1;1;2;0;20;2;40;40;40;40;11.57894737;7;0;0;15.78947368;4.5;8.421052632;8
1;0;0;0;1;0;1;1;2;0;10;2;52;52;52;52;13.84615385;7;0;0;13.84615385;2.5;16.92307692;4
0;0;0;1;1;1;0;1;2;2;0;2;50;50;50;50;10.76923077;9;13.84615385;7;0;0;12.30769231;4
0;0;0;1;1;1;0;1;2;2;0;2;17.33333333;17.33333333;17.33333333;17.33333333;17.64705882;5;3.529411765;7;0;0;9.411764706;8
0;0;0;1;0;0;1;1;0;0;15;2;68.5;68.5;68.5;68.5;0;0;0;0;12.72727273;2.5;23.63636364;6
1;0;0;0;1;1;0;1;2;2;0;2;22.4;22.4;22.4;22.4;15.29411765;7;10.58823529;9;0;0;12.94117647;4
0;0;0;1;1;0;1;1;2;0;20;2;20.75;20.75;20.75;20.75;8.965517241;5;0;0;6.206896552;4.5;5.517241379;8
0;1;0;0;0;1;1;1;0;2;15;2;36;36;36;36;0;0;10.76923077;5;20;4.5;12.30769231;8
0;0;1;0;1;1;1;0;2;2;5;0;51;51;51;51;28.88888889;7;17.77777778;9;11.11111111;2.5;0;0
1;0;0;0;1;1;0;1;2;2;0;2;26.33333333;26.33333333;26.33333333;26.33333333;6.666666667;5;12;7;0;0;12;8
1;0;0;0;1;0;0;1;2;0;0;2;28;28;28;28;27.27272727;9;0;0;0;0;18.18181818;4
0;1;0;0;1;1;1;0;2;2;10;0;22.75;22.75;22.75;22.75;22.35294118;5;8.235294118;7;12.94117647;2.5;0;0
0;0;1;0;0;1;1;1;0;2;15;2;40.33333333;40.33333333;40.33333333;40.33333333;0;0;20;7;10.90909091;6.5;20;4
0;0;1;0;1;1;1;0;2;2;10;0;31;31;31;31;8;7;10.4;5;5.6;6.5;0;0
0;1;0;0;0;1;1;1;0;2;15;2;24;24;24;24;0;0;68;9;28;4.5;36;4
0;0;0;1;1;0;1;1;2;0;15;2;37.5;37.5;37.5;37.5;28.88888889;5;0;0;28.88888889;6.5;20;6
0;1;0;0;1;1;1;0;2;2;10;0;44.5;44.5;44.5;44.5;22.35294118;5;8.235294118;7;12.94117647;2.5;0;0
0;0;0;1;1;0;1;1;2;0;25;2;59;59;59;59;33.33333333;5;0;0;24.44444444;6.5;33.33333333;6
1;0;0;0;1;1;1;0;2;2;25;0;32;32;32;32;13.33333333;7;24.44444444;5;24.44444444;6.5;0;0
1;0;0;0;1;0;1;1;2;0;25;2;53;53;53;53;9.473684211;9;0;0;20;4.5;9.473684211;4
1;0;0;0;1;0;1;1;2;0;5;2;43;43;43;43;16.25;5;0;0;18.75;6.5;11.25;6
0;0;1;0;0;1;1;1;0;2;20;2;40.33333333;40.33333333;40.33333333;40.33333333;0;0;54.28571429;7;14.28571429;2.5;31.42857143;8
1;0;0;0;1;0;1;1;2;0;20;2;69;69;69;69;18.57142857;5;0;0;8.571428571;6.5;18.57142857;6
0;0;1;0;0;1;1;1;0;2;25;2;42.33333333;42.33333333;42.33333333;42.33333333;0;0;12.72727273;9;20;2.5;16.36363636;6
0;0;0;1;0;1;1;1;0;2;20;2;37;37;37;37;0;0;23.63636364;5;5.454545455;4.5;16.36363636;8
0;1;0;0;0;1;1;1;0;2;15;2;36;36;36;36;0;0;13.04347826;5;4.347826087;4.5;7.826086957;8
1;0;0;0;1;1;1;0;2;2;5;0;62.5;62.5;62.5;62.5;12.72727273;9;27.27272727;7;12.72727273;2.5;0;0
0;0;0;1;0;1;1;1;0;2;20;2;37.25;37.25;37.25;37.25;0;0;14.66666667;7;9.333333333;6.5;12;4
0;0;1;0;1;0;1;0;2;0;25;0;20;20;20;20;33.33333333;5;0;0;6.666666667;4.5;0;0
0;1;0;0;0;1;1;1;0;2;25;2;69.5;69.5;69.5;69.5;0;0;12.94117647;5;8.235294118;4.5;12.94117647;8
0;1;0;0;0;1;1;1;0;2;10;2;25.33333333;25.33333333;25.33333333;25.33333333;0;0;2.857142857;9;12.38095238;4.5;16.19047619;4
0;0;1;0;0;0;1;1;0;0;20;2;16.5;16.5;16.5;16.5;0;0;0;0;11.57894737;2.5;11.57894737;8
1;0;0;0;1;1;0;1;2;2;0;2;69.5;69.5;69.5;69.5;12.94117647;9;20;5;0;0;12.94117647;6
0;0;0;1;0;1;1;1;0;2;15;2;54.66666667;54.66666667;54.66666667;54.66666667;0;0;11.57894737;5;11.57894737;4.5;10.52631579;8
0;0;0;1;0;1;0;1;0;2;0;2;30.5;30.5;30.5;30.5;0;0;1.666666667;9;0;0;7.222222222;6
0;0;0;1;1;0;1;1;2;0;5;2;24;24;24;24;7.2;7;0;0;5.6;4.5;7.2;8
0;0;1;0;1;0;1;1;2;0;20;2;20;20;20;20;8.965517241;5;0;0;6.206896552;4.5;5.517241379;8
0;0;0;1;1;1;0;1;2;2;0;2;25;25;25;25;9.333333333;7;20;5;0;0;10.66666667;8
0;0;1;0;1;0;1;0;2;0;25;0;69;69;69;69;28.88888889;7;0;0;33.33333333;4.5;0;0
0;0;0;1;1;1;0;1;2;2;0;2;23;23;23;23;22.66666667;5;9.333333333;7;0;0;12;8
0;0;0;1;1;0;1;1;2;0;10;2;21.2;21.2;21.2;21.2;30.90909091;7;0;0;16.36363636;6.5;18.18181818;4
0;0;1;0;1;1;1;0;2;2;10;0;33.2;33.2;33.2;33.2;3.333333333;9;7.222222222;7;3.888888889;2.5;0;0
0;0;0;1;1;0;1;1;2;0;10;2;40.5;40.5;40.5;40.5;4.444444444;5;0;0;10.55555556;4.5;5;8
0;1;0;0;1;1;1;0;2;2;25;0;53.33333333;53.33333333;53.33333333;53.33333333;10.4;5;5.6;7;15.2;4.5;0;0
0;0;1;0;0;0;1;1;0;0;20;2;34.25;34.25;34.25;34.25;0;0;0;0;6.666666667;2.5;14.66666667;8
0;0;1;0;1;1;1;0;2;2;15;0;39.5;39.5;39.5;39.5;23.63636364;5;10.90909091;9;12.72727273;4.5;0;0
0;0;0;1;0;0;1;1;0;0;15;2;21.2;21.2;21.2;21.2;0;0;0;0;12.72727273;4.5;16.36363636;8
0;0;0;1;0;0;1;1;0;0;5;2;60.5;60.5;60.5;60.5;0;0;0;0;14.66666667;2.5;22.66666667;8
0;0;0;1;0;1;1;1;0;2;5;2;54.66666667;54.66666667;54.66666667;54.66666667;0;0;7.368421053;7;20;6.5;11.57894737;4
0;0;1;0;0;1;1;0;0;2;10;0;67;67;67;67;0;0;12;5;12;4.5;0;0
0;0;1;0;0;1;1;1;0;2;5;2;31.5;31.5;31.5;31.5;0;0;11.57894737;9;5.263157895;4.5;9.473684211;4
0;0;1;0;0;1;1;1;0;2;10;2;62;62;62;62;0;0;3.888888889;7;4.444444444;6.5;8.333333333;4
1;0;0;0;1;1;1;0;2;2;20;0;40.33333333;40.33333333;40.33333333;40.33333333;2.777777778;5;2.777777778;7;7.222222222;6.5;0;0
0;1;0;0;0;1;1;0;0;2;15;0;63;63;63;63;0;0;15.71428571;5;8.571428571;4.5;0;0
0;0;0;1;1;1;0;1;2;2;0;2;27;27;27;27;42.22222222;5;20;7;0;0;24.44444444;8
0;0;0;1;1;0;1;1;2;0;15;2;28;28;28;28;5.454545455;7;0;0;18.18181818;6.5;30.90909091;4
0;0;1;0;0;1;1;1;0;2;25;2;57.5;57.5;57.5;57.5;0;0;7.058823529;7;12.94117647;2.5;17.64705882;8
0;0;1;0;0;1;1;0;0;2;10;0;59;59;59;59;0;0;28.88888889;9;11.11111111;2.5;0;0
0;0;0;1;0;1;1;1;0;2;25;2;36;36;36;36;0;0;13.68421053;9;7.368421053;4.5;9.473684211;4
1;0;0;0;1;1;1;0;2;2;10;0;63;63;63;63;15.55555556;5;20;7;28.88888889;6.5;0;0
0;1;0;0;1;1;1;0;2;2;20;0;21.2;21.2;21.2;21.2;12.72727273;5;12.72727273;9;20;4.5;0;0
1;0;0;0;1;1;0;1;2;2;0;2;28.33333333;28.33333333;28.33333333;28.33333333;42.22222222;7;13.33333333;9;0;0;20;4
0;0;1;0;0;1;1;0;0;2;25;0;30;30;30;30;0;0;54.28571429;5;31.42857143;6.5;0;0
0;0;0;1;0;0;1;1;0;0;20;2;49;49;49;49;0;0;0;0;16.25;6.5;11.25;6
0;1;0;0;0;1;1;1;0;2;10;2;33.2;33.2;33.2;33.2;0;0;7.058823529;7;10.58823529;2.5;10.58823529;8
0;0;1;0;1;0;1;1;2;0;15;2;44;44;44;44;6.666666667;9;0;0;11.11111111;4.5;6.666666667;4
0;0;0;1;1;0;1;1;2;0;25;2;23.25;23.25;23.25;23.25;11.57894737;9;0;0;3.157894737;4.5;8.421052632;4
0;0;0;1;0;0;1;1;0;0;10;2;59;59;59;59;0;0;0;0;10.4;6.5;8.8;6
0;0;1;0;1;0;1;0;2;0;25;0;36;36;36;36;3.703703704;7;0;0;6.666666667;6.5;0;0
0;0;1;0;0;0;1;1;0;0;10;2;52.66666667;52.66666667;52.66666667;52.66666667;0;0;0;0;10.47619048;2.5;7.619047619;6
0;1;0;0;0;1;1;1;0;2;25;2;39.66666667;39.66666667;39.66666667;39.66666667;0;0;6.956521739;9;7.826086957;2.5;7.826086957;6
1;0;0;0;1;0;1;1;2;0;25;2;14;14;14;14;15.78947368;7;0;0;7.368421053;2.5;15.78947368;8
0;0;1;0;0;1;1;0;0;2;25;0;69;69;69;69;0;0;20;5;16.36363636;6.5;0;0
0;0;1;0;0;1;1;0;0;2;10;0;38.66666667;38.66666667;38.66666667;38.66666667;0;0;12.59259259;7;8.148148148;2.5;0;0
0;1;0;0;1;1;1;0;2;2;5;0;32.33333333;32.33333333;32.33333333;32.33333333;6.111111111;9;6.111111111;7;3.333333333;2.5;0;0
0;0;1;0;1;0;1;0;2;0;20;0;26;26;26;26;7.692307692;5;0;0;20;6.5;0;0
0;0;0;1;1;1;0;1;2;2;0;2;32.33333333;32.33333333;32.33333333;32.33333333;3.157894737;5;11.57894737;7;0;0;11.57894737;8
0;0;1;0;0;1;1;1;0;2;5;2;28;28;28;28;0;0;16.92307692;5;16.92307692;4.5;16.92307692;8
0;0;1;0;0;1;1;1;0;2;25;2;63;63;63;63;0;0;22.22222222;7;24.44444444;2.5;20;8
1;0;0;0;1;0;1;0;2;0;5;0;55;55;55;55;15.29411765;5;0;0;9.411764706;2.5;0;0
1;0;0;0;1;0;1;1;2;0;5;2;61;61;61;61;25.33333333;5;0;0;9.333333333;4.5;12;8
0;0;0;1;1;1;0;1;2;2;0;2;58;58;58;58;20;7;31.42857143;5;0;0;25.71428571;8
0;0;0;1;0;1;1;1;0;2;15;2;46.33333333;46.33333333;46.33333333;46.33333333;0;0;6.666666667;7;14.28571429;6.5;7.619047619;8
0;0;1;0;0;0;1;1;0;0;5;2;25;25;25;25;0;0;0;0;9.333333333;2.5;13.33333333;6
0;0;1;0;1;0;1;0;2;0;15;0;25.2;25.2;25.2;25.2;7.222222222;9;0;0;3.888888889;6.5;0;0
0;1;0;0;1;1;0;1;2;2;0;2;21.75;21.75;21.75;21.75;8;5;17.33333333;9;0;0;22.66666667;6
0;0;0;1;1;0;1;1;2;0;25;2;28;28;28;28;10.47619048;7;0;0;6.666666667;6.5;8.571428571;4
0;1;0;0;1;1;1;0;2;2;20;0;36;36;36;36;68;7;28;9;44;2.5;0;0
0;1;0;0;1;1;0;1;2;2;0;2;14;14;14;14;11.57894737;5;3.157894737;9;0;0;11.57894737;6
0;0;1;0;1;1;1;0;2;2;20;0;49.5;49.5;49.5;49.5;23.63636364;7;23.63636364;5;27.27272727;4.5;0;0
1;0;0;0;1;0;1;1;2;0;20;2;49;49;49;49;16.25;5;0;0;3.75;4.5;16.25;8
0;0;0;1;1;0;1;1;2;0;20;2;49;49;49;49;24.44444444;9;0;0;24.44444444;2.5;20;6
0;0;1;0;1;1;1;0;2;2;10;0;72.5;72.5;72.5;72.5;8.235294118;9;12.94117647;5;8.235294118;4.5;0;0
0;0;0;1;1;0;1;1;2;0;10;2;32.5;32.5;32.5;32.5;4.347826087;7;0;0;11.30434783;6.5;6.956521739;6
0;0;1;0;0;1;1;0;0;2;25;0;40;40;40;40;0;0;22.66666667;7;8;6.5;0;0
0;0;1;0;0;1;1;0;0;2;10;0;26.5;26.5;26.5;26.5;0;0;12.38095238;7;6.666666667;6.5;0;0
0;0;0;1;1;0;1;1;2;0;20;2;44;44;44;44;20;7;0;0;15.38461538;2.5;23.07692308;8
0;0;1;0;1;1;1;0;2;2;10;0;22;22;22;22;14.28571429;7;37.14285714;5;22.85714286;4.5;0;0
0;0;1;0;0;1;1;0;0;2;10;0;65.5;65.5;65.5;65.5;0;0;10;7;10;6.5;0;0
0;0;0;1;1;0;1;1;2;0;15;2;23.25;23.25;23.25;23.25;5.263157895;5;0;0;11.57894737;6.5;9.473684211;6
0;1;0;0;1;1;1;0;2;2;20;0;23.5;23.5;23.5;23.5;12.94117647;9;10.58823529;7;8.235294118;2.5;0;0
0;0;1;0;1;0;1;1;2;0;5;2;59;59;59;59;28.88888889;9;0;0;24.44444444;4.5;37.77777778;4
1;0;0;0;1;1;1;0;2;2;10;0;28.5;28.5;28.5;28.5;8.965517241;5;7.586206897;7;10.34482759;6.5;0;0
1;0;0;0;1;0;1;1;2;0;10;2;48;48;48;48;5.6;5;0;0;8.8;6.5;10.4;6
1;0;0;0;1;1;0;1;2;2;0;2;33.66666667;33.66666667;33.66666667;33.66666667;10;7;8.571428571;5;0;0;15.71428571;8
1;0;0;0;1;1;1;0;2;2;5;0;20;20;20;20;15.55555556;7;15.55555556;5;37.77777778;6.5;0;0
1;0;0;0;1;0;1;1;2;0;15;2;41;41;41;41;4.761904762;7;0;0;14.28571429;6.5;8.571428571;8
0;0;1;0;0;0;1;1;0;0;5;2;66;66;66;66;0;0;0;0;110;4.5;110;8
0;0;1;0;1;0;1;1;2;0;5;2;56;56;56;56;12.38095238;7;0;0;6.666666667;2.5;8.571428571;4
0;0;0;1;1;0;1;1;2;0;5;2;25;25;25;25;5.454545455;9;0;0;12.72727273;4.5;20;4
0;1;0;0;1;1;0;1;2;2;0;2;31.33333333;31.33333333;31.33333333;31.33333333;23.07692308;5;10.76923077;9;0;0;12.30769231;6
0;0;1;0;1;0;1;0;2;0;20;0;19;19;19;19;44;7;0;0;44;2.5;0;0
0;1;0;0;0;1;0;1;0;2;0;2;24.5;24.5;24.5;24.5;0;0;6.666666667;9;0;0;20;6
0;0;1;0;0;1;1;1;0;2;20;2;51.5;51.5;51.5;51.5;0;0;15.55555556;9;15.55555556;4.5;24.44444444;4
0;0;1;0;1;0;1;0;2;0;20;0;41;41;41;41;15.29411765;9;0;0;12.94117647;2.5;0;0
0;0;1;0;0;1;1;0;0;2;25;0;56;56;56;56;0;0;14.28571429;9;10.47619048;2.5;0;0
0;0;1;0;1;1;1;0;2;2;10;0;20.66666667;20.66666667;20.66666667;20.66666667;7.368421053;9;20;7;11.57894737;2.5;0;0
0;0;1;0;0;1;1;0;0;2;20;0;49.25;49.25;49.25;49.25;0;0;15.29411765;7;7.058823529;2.5;0;0
0;0;1;0;0;1;1;1;0;2;15;2;40;40;40;40;0;0;13.33333333;9;6.666666667;2.5;22.66666667;6
0;0;1;0;1;0;1;1;2;0;20;2;57.5;57.5;57.5;57.5;7.222222222;5;0;0;9.444444444;6.5;5;6
0;1;0;0;0;1;1;1;0;2;25;2;22;22;22;22;0;0;25.71428571;7;20;2.5;31.42857143;8
1;0;0;0;1;0;0;1;2;0;0;2;31;31;31;31;3.888888889;9;0;0;0;0;4.444444444;6
0;0;0;1;0;1;1;1;0;2;5;2;48;48;48;48;0;0;15.78947368;5;7.368421053;2.5;9.473684211;8
0;1;0;0;0;1;1;0;0;2;10;0;39;39;39;39;0;0;16.19047619;7;10.47619048;2.5;0;0
0;0;0;1;1;0;1;1;2;0;25;2;36;36;36;36;6.086956522;9;0;0;9.565217391;4.5;9.565217391;4
0;0;0;1;0;1;1;1;0;2;5;2;39.33333333;39.33333333;39.33333333;39.33333333;0;0;18.57142857;5;10;6.5;21.42857143;4
0;0;0;1;1;1;0;1;2;2;0;2;54;54;54;54;9.333333333;9;17.33333333;5;0;0;10.66666667;6
1;0;0;0;1;0;1;1;2;0;15;2;58.5;58.5;58.5;58.5;20;5;0;0;12.72727273;6.5;16.36363636;6
0;0;1;0;0;1;1;1;0;2;20;2;22.75;22.75;22.75;22.75;0;0;12.94117647;5;7.058823529;4.5;10.58823529;8
0;0;0;1;0;1;1;1;0;2;10;2;30.6;30.6;30.6;30.6;0;0;9.333333333;5;14.66666667;4.5;20;8
1;0;0;0;1;0;1;1;2;0;25;2;59.5;59.5;59.5;59.5;6.666666667;7;0;0;10.47619048;6.5;14.28571429;4
0;1;0;0;0;1;1;0;0;2;15;0;12.25;12.25;12.25;12.25;0;0;4.285714286;5;15.71428571;4.5;0;0
0;0;1;0;0;1;1;1;0;2;25;2;29;29;29;29;0;0;10.76923077;7;10.76923077;6.5;23.07692308;4
1;0;0;0;1;0;1;0;2;0;15;0;30.33333333;30.33333333;30.33333333;30.33333333;20;5;0;0;6.315789474;6.5;0;0
0;0;1;0;1;0;1;1;2;0;10;2;67;67;67;67;20;7;0;0;27.27272727;4.5;27.27272727;8
0;0;1;0;0;1;1;0;0;2;5;0;40.66666667;40.66666667;40.66666667;40.66666667;0;0;31.42857143;9;17.14285714;2.5;0;0
0;0;1;0;0;1;1;1;0;2;20;2;28;28;28;28;0;0;7.692307692;9;23.07692308;4.5;13.84615385;4
0;0;0;1;1;1;0;1;2;2;0;2;18.5;18.5;18.5;18.5;9.333333333;9;25.33333333;5;0;0;12;6
0;0;0;1;1;1;0;1;2;2;0;2;33.4;33.4;33.4;33.4;31.42857143;7;20;5;0;0;28.57142857;8
0;0;1;0;0;1;1;1;0;2;20;2;40.33333333;40.33333333;40.33333333;40.33333333;0;0;20;7;9.090909091;4.5;16.36363636;8
1;0;0;0;1;1;1;0;2;2;5;0;19.33333333;19.33333333;19.33333333;19.33333333;16.92307692;5;9.230769231;7;26.15384615;6.5;0;0
0;0;1;0;0;0;1;1;0;0;15;2;63;63;63;63;0;0;0;0;13.33333333;6.5;24.44444444;4
0;0;1;0;0;1;1;0;0;2;5;0;20.33333333;20.33333333;20.33333333;20.33333333;0;0;5.185185185;7;8.148148148;2.5;0;0
0;0;0;1;1;1;0;1;2;2;0;2;35;35;35;35;3.888888889;9;10.55555556;5;0;0;5;4
1;0;0;0;1;0;1;0;2;0;15;0;52;52;52;52;15.29411765;9;0;0;12.94117647;2.5;0;0
0;1;0;0;0;1;1;1;0;2;25;2;63;63;63;63;0;0;10.58823529;7;22.35294118;6.5;10.58823529;4
0;1;0;0;1;1;1;0;2;2;25;0;20;20;20;20;15.55555556;7;20;9;17.77777778;2.5;0;0
0;1;0;0;0;1;1;1;0;2;15;2;32.5;32.5;32.5;32.5;0;0;12.72727273;7;20;6.5;30.90909091;8
0;0;0;1;0;0;1;1;0;0;10;2;54.66666667;54.66666667;54.66666667;54.66666667;0;0;0;0;7.368421053;6.5;9.473684211;4
0;0;0;1;0;1;0;1;0;2;0;2;59;59;59;59;0;0;42.22222222;5;0;0;24.44444444;6
0;1;0;0;0;1;1;1;0;2;20;2;23;23;23;23;0;0;24.44444444;9;33.33333333;4.5;24.44444444;4
0;1;0;0;0;1;1;0;0;2;5;0;27.5;27.5;27.5;27.5;0;0;10;9;15.71428571;4.5;0;0
0;0;1;0;0;1;1;1;0;2;25;2;52.5;52.5;52.5;52.5;0;0;3.888888889;5;5;4.5;6.111111111;8
0;1;0;0;1;1;1;0;2;2;10;0;49.25;49.25;49.25;49.25;3.529411765;9;10.58823529;5;17.64705882;4.5;0;0
0;0;0;1;1;0;1;1;2;0;15;2;34;34;34;34;6.086956522;7;0;0;9.565217391;6.5;7.826086957;4
1;0;0;0;1;0;1;1;2;0;15;2;28.5;28.5;28.5;28.5;1.666666667;9;0;0;8.333333333;4.5;5;4
0;0;1;0;1;1;1;0;2;2;10;0;13;13;13;13;17.33333333;5;22.66666667;7;17.33333333;6.5;0;0
0;1;0;0;0;1;1;1;0;2;15;2;41.33333333;41.33333333;41.33333333;41.33333333;0;0;25.71428571;7;20;6.5;25.71428571;4
0;0;1;0;0;1;1;0;0;2;5;0;26.5;26.5;26.5;26.5;0;0;2.4;5;5.6;6.5;0;0
0;0;0;1;1;0;1;1;2;0;5;2;32;32;32;32;13.04347826;5;0;0;16.52173913;6.5;9.565217391;6
1;0;0;0;1;0;1;1;2;0;5;2;24.8;24.8;24.8;24.8;16.36363636;9;0;0;16.36363636;2.5;16.36363636;6
1;0;0;0;1;0;1;1;2;0;25;2;59;59;59;59;20;5;0;0;20;4.5;20;8
1;0;0;0;1;1;1;0;2;2;25;0;23;23;23;23;11.11111111;7;13.33333333;9;24.44444444;2.5;0;0
0;0;1;0;0;1;1;1;0;2;20;2;69;69;69;69;0;0;28.88888889;5;6.666666667;4.5;20;8
0;0;0;1;0;1;1;1;0;2;5;2;44;44;44;44;0;0;11.30434783;9;6.086956522;4.5;6.956521739;8
0;0;1;0;0;1;1;1;0;2;5;2;52.5;52.5;52.5;52.5;0;0;6.111111111;7;8.333333333;6.5;5;4
0;0;1;0;1;0;1;1;2;0;15;2;44.33333333;44.33333333;44.33333333;44.33333333;7.586206897;7;0;0;7.586206897;2.5;7.586206897;8
0;0;1;0;1;1;1;0;2;2;20;0;31;31;31;31;4.347826087;5;4.347826087;7;6.086956522;6.5;0;0
0;0;1;0;1;0;1;0;2;0;15;0;44;44;44;44;9.565217391;5;0;0;5.217391304;6.5;0;0
0;0;1;0;1;0;1;1;2;0;5;2;46.66666667;46.66666667;46.66666667;46.66666667;3.157894737;9;0;0;15.78947368;4.5;9.473684211;4
0;1;0;0;0;1;1;0;0;2;10;0;68.5;68.5;68.5;68.5;0;0;44;7;28;2.5;0;0
0;0;0;1;0;0;1;1;0;0;20;2;54.66666667;54.66666667;54.66666667;54.66666667;0;0;0;0;7.368421053;6.5;11.57894737;6
1;0;0;0;1;0;1;1;2;0;5;2;38.33333333;38.33333333;38.33333333;38.33333333;10;7;0;0;15.71428571;2.5;21.42857143;8
0;0;1;0;0;0;1;1;0;0;15;2;39;39;39;39;0;0;0;0;12.94117647;6.5;12.94117647;6
1;0;0;0;1;1;0;1;2;2;0;2;68;68;68;68;20;5;9.333333333;7;0;0;20;8
0;0;1;0;1;1;1;0;2;2;25;0;46;46;46;46;12.72727273;7;12.72727273;9;18.18181818;2.5;0;0
0;0;0;1;0;1;1;1;0;2;15;2;66;66;66;66;0;0;9.473684211;5;15.78947368;4.5;9.473684211;8
0;0;1;0;0;1;1;1;0;2;20;2;17;17;17;17;0;0;10.90909091;5;12.72727273;6.5;20;8
0;0;1;0;1;0;1;1;2;0;15;2;29;29;29;29;76;5;0;0;28;6.5;44;6
0;0;1;0;0;0;1;1;0;0;10;2;31.5;31.5;31.5;31.5;0;0;0;0;20;6.5;10.58823529;6
0;0;1;0;0;0;1;1;0;0;25;2;24;24;24;24;0;0;0;0;12;2.5;36;8
0;0;1;0;1;1;1;0;2;2;15;0;26;26;26;26;14.07407407;5;5.185185185;7;5.185185185;6.5;0;0
0;0;1;0;1;1;1;0;2;2;10;0;31.5;31.5;31.5;31.5;15.71428571;7;15.71428571;5;14.28571429;6.5;0;0
0;1;0;0;0;1;0;1;0;2;0;2;59.5;59.5;59.5;59.5;0;0;16.19047619;5;0;0;8.571428571;8
0;0;0;1;0;0;1;1;0;0;10;2;27;27;27;27;0;0;0;0;20;2.5;52;6
0;1;0;0;1;1;0;1;2;2;0;2;29;29;29;29;36;7;52;9;0;0;36;4
0;1;0;0;0;1;1;1;0;2;20;2;44.33333333;44.33333333;44.33333333;44.33333333;0;0;10.34482759;5;6.206896552;4.5;6.206896552;8
1;0;0;0;1;0;1;0;2;0;25;0;40.33333333;40.33333333;40.33333333;40.33333333;10.66666667;5;0;0;14.66666667;6.5;0;0
0;0;1;0;1;0;1;1;2;0;20;2;36.33333333;36.33333333;36.33333333;36.33333333;18.57142857;9;0;0;10;2.5;11.42857143;6
1;0;0;0;1;0;1;1;2;0;25;2;24;24;24;24;9.333333333;9;0;0;14.66666667;4.5;14.66666667;4
0;0;1;0;0;1;1;0;0;2;20;0;51.5;51.5;51.5;51.5;0;0;42.22222222;5;17.77777778;6.5;0;0
1;0;0;0;1;1;1;0;2;2;20;0;60;60;60;60;12.72727273;7;20;5;12.72727273;6.5;0;0
0;1;0;0;1;1;1;0;2;2;20;0;38.66666667;38.66666667;38.66666667;38.66666667;15.2;5;6.4;7;5.6;6.5;0;0
0;0;0;1;1;1;0;1;2;2;0;2;25;25;25;25;17.33333333;5;6.666666667;9;0;0;14.66666667;6
1;0;0;0;1;1;1;0;2;2;5;0;40;40;40;40;10.66666667;5;14.66666667;9;14.66666667;4.5;0;0
0;0;1;0;1;0;1;0;2;0;10;0;27;27;27;27;28;9;0;0;76;4.5;0;0
0;1;0;0;1;1;0;1;2;2;0;2;66;66;66;66;3.157894737;9;13.68421053;5;0;0;13.68421053;6
0;1;0;0;0;1;1;0;0;2;15;0;43;43;43;43;0;0;13.75;5;7.5;6.5;0;0
0;0;0;1;1;0;1;1;2;0;5;2;30;30;30;30;10;7;0;0;15.71428571;2.5;12.85714286;8
1;0;0;0;1;1;1;0;2;2;10;0;32;32;32;32;11.76470588;5;10.58823529;7;7.058823529;6.5;0;0
0;0;1;0;1;1;1;0;2;2;15;0;40;40;40;40;6.111111111;7;3.888888889;5;9.444444444;6.5;0;0
1;0;0;0;1;0;1;0;2;0;5;0;61;61;61;61;9.333333333;7;0;0;17.33333333;6.5;0;0
0;0;1;0;1;0;1;0;2;0;5;0;42;42;42;42;5.217391304;9;0;0;6.956521739;4.5;0;0
0;0;1;0;0;1;1;1;0;2;10;2;33.5;33.5;33.5;33.5;0;0;18.57142857;9;7.142857143;2.5;12.85714286;6
1;0;0;0;1;0;1;0;2;0;10;0;23.33333333;23.33333333;23.33333333;23.33333333;7.368421053;9;0;0;20;4.5;0;0
0;1;0;0;0;1;1;1;0;2;5;2;18.5;18.5;18.5;18.5;0;0;6.666666667;7;12;2.5;12;8
0;0;0;1;1;0;1;1;2;0;5;2;41.5;41.5;41.5;41.5;20;5;0;0;34.54545455;4.5;16.36363636;8
0;0;1;0;0;1;1;1;0;2;20;2;38.33333333;38.33333333;38.33333333;38.33333333;0;0;18.57142857;5;24.28571429;6.5;12.85714286;6
0;0;0;1;1;1;0;1;2;2;0;2;27.5;27.5;27.5;27.5;15.29411765;7;8.235294118;5;0;0;10.58823529;8
0;0;1;0;0;1;1;1;0;2;15;2;22;22;22;22;0;0;31.42857143;7;31.42857143;2.5;31.42857143;8
1;0;0;0;1;0;1;1;2;0;10;2;32;32;32;32;15.29411765;5;0;0;15.29411765;6.5;10.58823529;6
0;0;1;0;1;0;1;1;2;0;25;2;40.33333333;40.33333333;40.33333333;40.33333333;20;7;0;0;20;6.5;20;4
0;0;1;0;1;0;1;1;2;0;15;2;63;63;63;63;70;7;0;0;70;6.5;130;4
0;0;1;0;1;0;1;1;2;0;25;2;59;59;59;59;9.565217391;5;0;0;9.565217391;4.5;7.826086957;8
0;1;0;0;1;1;0;1;2;2;0;2;68;68;68;68;17.33333333;7;9.333333333;5;0;0;14.66666667;8
0;0;1;0;0;1;1;0;0;2;15;0;37.5;37.5;37.5;37.5;0;0;28.88888889;5;15.55555556;2.5;0;0
0;0;0;1;0;0;1;1;0;0;25;2;40;40;40;40;0;0;0;0;23.07692308;6.5;20;4
1;0;0;0;1;0;1;1;2;0;20;2;30.5;30.5;30.5;30.5;12.72727273;9;0;0;14.54545455;2.5;20;6
1;0;0;0;1;1;1;0;2;2;25;0;60;60;60;60;9.090909091;7;34.54545455;5;23.63636364;6.5;0;0
0;0;0;1;1;0;1;1;2;0;20;2;20.75;20.75;20.75;20.75;7.586206897;5;0;0;7.586206897;4.5;7.586206897;8
0;0;1;0;0;1;1;0;0;2;20;0;63;63;63;63;0;0;14.54545455;7;20;6.5;0;0
0;1;0;0;1;1;1;0;2;2;10;0;56;56;56;56;5.263157895;7;13.68421053;5;7.368421053;6.5;0;0
0;0;1;0;0;0;1;1;0;0;10;2;31;31;31;31;0;0;0;0;11.30434783;6.5;9.565217391;6
0;0;1;0;0;1;1;1;0;2;5;2;62;62;62;62;0;0;31.42857143;7;48.57142857;6.5;25.71428571;4
1;0;0;0;1;1;0;1;2;2;0;2;44;44;44;44;17.14285714;5;37.14285714;9;0;0;48.57142857;6
0;0;1;0;0;0;1;1;0;0;15;2;43;43;43;43;0;0;0;0;4.761904762;4.5;8.571428571;4
0;0;1;0;0;1;1;1;0;2;25;2;26;26;26;26;0;0;2.222222222;9;9.62962963;4.5;6.666666667;4
0;1;0;0;0;1;1;1;0;2;25;2;52;52;52;52;0;0;10.76923077;9;12.30769231;4.5;16.92307692;4
1;0;0;0;1;0;1;1;2;0;20;2;34.5;34.5;34.5;34.5;17.77777778;9;0;0;20;2.5;24.44444444;6
0;1;0;0;0;1;1;0;0;2;20;0;58;58;58;58;0;0;6.111111111;7;3.888888889;6.5;0;0
1;0;0;0;1;0;1;1;2;0;15;2;31.5;31.5;31.5;31.5;5.263157895;7;0;0;20;6.5;9.473684211;4
0;0;1;0;0;0;1;1;0;0;5;2;60;60;60;60;0;0;0;0;12.72727273;2.5;20;6
1;0;0;0;1;1;1;0;2;2;20;0;21;21;21;21;12;9;6.666666667;7;17.33333333;6.5;0;0
0;0;0;1;1;0;1;1;2;0;10;2;16;16;16;16;9.62962963;7;0;0;6.666666667;2.5;7.407407407;8
1;0;0;0;1;0;1;1;2;0;10;2;26;26;26;26;26.15384615;9;0;0;13.84615385;2.5;16.92307692;6
0;0;1;0;1;0;1;1;2;0;20;2;26;26;26;26;9.090909091;9;0;0;16.36363636;2.5;20;6
0;0;1;0;1;1;1;0;2;2;25;0;39.66666667;39.66666667;39.66666667;39.66666667;7.222222222;9;3.888888889;5;3.888888889;4.5;0;0
0;0;1;0;1;1;1;0;2;2;5;0;18;18;18;18;5;9;9.444444444;5;6.111111111;4.5;0;0
0;0;1;0;0;0;1;1;0;0;20;2;30.25;30.25;30.25;30.25;0;0;0;0;9.565217391;4.5;14.7826087;8
0;0;0;1;1;0;1;1;2;0;20;2;37.25;37.25;37.25;37.25;8.965517241;7;0;0;4.827586207;2.5;7.586206897;8
0;0;0;1;0;1;1;1;0;2;5;2;59;59;59;59;0;0;20;5;15.55555556;6.5;20;6
1;0;0;0;1;1;1;0;2;2;10;0;65.5;65.5;65.5;65.5;5.454545455;5;14.54545455;9;20;4.5;0;0
0;0;0;1;1;0;1;1;2;0;15;2;20.75;20.75;20.75;20.75;2.4;9;0;0;12;4.5;7.2;4
0;0;0;1;0;0;1;1;0;0;25;2;33.66666667;33.66666667;33.66666667;33.66666667;0;0;0;0;20;2.5;18.18181818;6
0;0;1;0;0;1;1;1;0;2;10;2;60;60;60;60;0;0;52;9;20;2.5;60;6
0;0;0;1;0;0;1;1;0;0;10;2;32;32;32;32;0;0;0;0;11.11111111;4.5;20;6
0;1;0;0;1;1;1;0;2;2;20;0;24;24;24;24;32;7;52;5;76;6.5;0;0
0;1;0;0;0;1;1;1;0;2;20;2;58;58;58;58;0;0;20;7;54.28571429;6.5;25.71428571;4
1;0;0;0;1;0;1;1;2;0;20;2;31.33333333;31.33333333;31.33333333;31.33333333;16.92307692;7;0;0;13.84615385;6.5;16.92307692;4
0;1;0;0;1;1;0;1;2;2;0;2;32.33333333;32.33333333;32.33333333;32.33333333;15.55555556;5;20;9;0;0;22.22222222;6
0;1;0;0;1;1;1;0;2;2;15;0;25;25;25;25;16.52173913;5;6.086956522;7;6.956521739;6.5;0;0
1;0;0;0;1;1;0;1;2;2;0;2;54.66666667;54.66666667;54.66666667;54.66666667;11.57894737;9;13.68421053;7;0;0;15.78947368;4
0;0;1;0;0;1;1;0;0;2;5;0;67;67;67;67;0;0;9.473684211;7;7.368421053;6.5;0;0
0;0;1;0;1;0;1;0;2;0;10;0;36;36;36;36;11.30434783;9;0;0;6.086956522;4.5;0;0
0;1;0;0;0;1;1;1;0;2;10;2;36.5;36.5;36.5;36.5;0;0;3.157894737;7;13.68421053;6.5;9.473684211;8
1;0;0;0;1;1;1;0;2;2;15;0;21;21;21;21;31.42857143;7;17.14285714;9;31.42857143;2.5;0;0
0;0;0;1;0;1;1;1;0;2;10;2;59;59;59;59;0;0;28.88888889;7;13.33333333;6.5;20;4
1;0;0;0;1;0;1;1;2;0;20;2;52.66666667;52.66666667;52.66666667;52.66666667;6.666666667;7;0;0;12.38095238;6.5;8.571428571;4
0;0;1;0;0;0;1;1;0;0;15;2;40.6;40.6;40.6;40.6;0;0;0;0;12;6.5;7.2;6
0;0;1;0;1;1;1;0;2;2;10;0;33;33;33;33;5.714285714;5;2.857142857;7;10.47619048;6.5;0;0
0;1;0;0;0;1;1;1;0;2;5;2;52;52;52;52;0;0;15.38461538;9;7.692307692;2.5;23.07692308;6
0;0;0;1;1;1;0;1;2;2;0;2;44;44;44;44;4.347826087;9;14.7826087;5;0;0;11.30434783;6
0;0;1;0;1;0;1;0;2;0;5;0;25.2;25.2;25.2;25.2;8.333333333;7;0;0;8.333333333;6.5;0;0
0;0;1;0;1;0;1;1;2;0;10;2;59;59;59;59;20;9;0;0;15.55555556;4.5;28.88888889;4
1;0;0;0;1;0;1;1;2;0;5;2;26.5;26.5;26.5;26.5;7.692307692;7;0;0;10.76923077;2.5;13.84615385;8
0;1;0;0;1;1;1;0;2;2;5;0;46.5;46.5;46.5;46.5;15.78947368;5;9.473684211;9;9.473684211;4.5;0;0
0;0;1;0;0;1;1;1;0;2;5;2;47;47;47;47;0;0;20;9;12.72727273;2.5;30.90909091;4
0;0;1;0;1;1;1;0;2;2;25;0;18.25;18.25;18.25;18.25;20;9;10.76923077;7;10.76923077;2.5;0;0
0;0;0;1;1;0;1;1;2;0;15;2;16.33333333;16.33333333;16.33333333;16.33333333;15.71428571;5;0;0;15.71428571;2.5;12.85714286;6
1;0;0;0;1;0;1;1;2;0;10;2;52;52;52;52;13.84615385;7;0;0;16.92307692;2.5;20;8
0;0;0;1;0;1;0;1;0;2;0;2;58;58;58;58;0;0;37.14285714;5;0;0;25.71428571;6
0;0;0;1;0;0;1;1;0;0;10;2;61.5;61.5;61.5;61.5;0;0;0;0;16.92307692;2.5;12.30769231;6
0;0;1;0;1;0;1;1;2;0;20;2;44;44;44;44;10.76923077;7;0;0;20;6.5;23.07692308;4
0;0;0;1;0;1;1;1;0;2;15;2;37;37;37;37;0;0;8.333333333;9;3.888888889;4.5;6.111111111;4
0;1;0;0;0;1;1;1;0;2;15;2;66;66;66;66;0;0;30;7;110;2.5;110;8
0;0;0;1;0;1;0;1;0;2;0;2;41;41;41;41;0;0;15.29411765;9;0;0;10.58823529;6
0;0;1;0;1;0;1;1;2;0;5;2;55.33333333;55.33333333;55.33333333;55.33333333;16.92307692;5;0;0;13.84615385;6.5;13.84615385;6
0;0;1;0;0;0;1;1;0;0;20;2;59;59;59;59;0;0;0;0;12.72727273;4.5;16.36363636;8
0;1;0;0;1;1;1;0;2;2;25;0;26;26;26;26;3.703703704;9;9.62962963;5;9.62962963;4.5;0;0
1;0;0;0;1;1;1;0;2;2;10;0;31;31;31;31;10.55555556;9;3.888888889;7;6.111111111;2.5;0;0
0;0;1;0;1;1;1;0;2;2;25;0;26.5;26.5;26.5;26.5;14.28571429;5;6.666666667;9;7.619047619;4.5;0;0
0;1;0;0;1;1;1;0;2;2;20;0;24;24;24;24;22.66666667;9;9.333333333;7;9.333333333;2.5;0;0
0;0;1;0;1;0;1;1;2;0;25;2;32.33333333;32.33333333;32.33333333;32.33333333;42.22222222;5;0;0;20;6.5;24.44444444;6
0;1;0;0;0;1;1;0;0;2;15;0;29;29;29;29;0;0;36;5;28;4.5;0;0
0;1;0;0;0;1;1;1;0;2;10;2;38.66666667;38.66666667;38.66666667;38.66666667;0;0;4;7;5.6;2.5;8;8
0;0;1;0;1;0;1;0;2;0;5;0;16.33333333;16.33333333;16.33333333;16.33333333;21.42857143;7;0;0;10;6.5;0;0
0;0;0;1;1;0;1;1;2;0;15;2;39;39;39;39;12.85714286;9;0;0;12.85714286;2.5;12.85714286;6
1;0;0;0;1;0;1;1;2;0;20;2;23;23;23;23;5.263157895;9;0;0;6.315789474;2.5;11.57894737;6
0;0;0;1;0;1;1;1;0;2;5;2;49.5;49.5;49.5;49.5;0;0;10.76923077;7;9.230769231;6.5;26.15384615;8
0;0;0;1;0;1;1;1;0;2;25;2;23;23;23;23;0;0;9.473684211;5;5.263157895;2.5;11.57894737;6
0;0;0;1;1;1;0;1;2;2;0;2;31.25;31.25;31.25;31.25;16.25;9;10;7;0;0;13.75;4
0;0;0;1;1;0;1;1;2;0;20;2;30.66666667;30.66666667;30.66666667;30.66666667;6.086956522;7;0;0;6.086956522;6.5;16.52173913;4
0;0;1;0;1;0;1;1;2;0;5;2;42;42;42;42;6.086956522;5;0;0;6.086956522;6.5;9.565217391;6
0;0;0;1;0;1;1;1;0;2;15;2;35.5;35.5;35.5;35.5;0;0;1.666666667;9;6.111111111;4.5;7.222222222;4
1;0;0;0;1;0;1;0;2;0;10;0;47;47;47;47;7.692307692;7;0;0;10.76923077;2.5;0;0
0;1;0;0;1;1;1;0;2;2;25;0;67;67;67;67;10.90909091;7;23.63636364;5;16.36363636;6.5;0;0
0;0;1;0;1;0;1;1;2;0;15;2;50.66666667;50.66666667;50.66666667;50.66666667;17.64705882;5;0;0;15.29411765;6.5;10.58823529;6
0;0;1;0;0;0;1;1;0;0;5;2;63;63;63;63;0;0;0;0;16.36363636;6.5;20;8
0;1;0;0;1;1;1;0;2;2;5;0;59.5;59.5;59.5;59.5;6.956521739;5;11.30434783;9;5.217391304;2.5;0;0
0;0;1;0;0;1;1;1;0;2;15;2;37;37;37;37;0;0;20;9;5.454545455;2.5;20;6
0;0;1;0;1;1;1;0;2;2;15;0;25.2;25.2;25.2;25.2;3.888888889;9;8.333333333;5;4.444444444;4.5;0;0
0;1;0;0;1;1;0;1;2;2;0;2;69.5;69.5;69.5;69.5;5.882352941;9;12.94117647;7;0;0;10.58823529;4
0;0;1;0;1;1;1;0;2;2;25;0;62;62;62;62;23.63636364;5;20;9;16.36363636;4.5;0;0
1;0;0;0;1;1;1;0;2;2;20;0;24;24;24;24;20;9;68;5;60;4.5;0;0
1;0;0;0;1;1;0;1;2;2;0;2;42;42;42;42;2.608695652;9;13.04347826;7;0;0;6.956521739;4
0;0;1;0;0;1;1;1;0;2;5;2;64;64;64;64;0;0;23.07692308;7;7.692307692;2.5;13.84615385;8
0;0;1;0;1;1;1;0;2;2;5;0;69;69;69;69;30.90909091;7;27.27272727;9;9.090909091;2.5;0;0
0;0;0;1;0;1;1;1;0;2;10;2;30.33333333;30.33333333;30.33333333;30.33333333;0;0;5.263157895;5;10.52631579;6.5;9.473684211;6
0;0;0;1;0;1;1;1;0;2;10;2;33.66666667;33.66666667;33.66666667;33.66666667;0;0;12.94117647;7;10.58823529;2.5;9.411764706;6
0;0;0;1;1;0;1;1;2;0;20;2;39;39;39;39;2.857142857;9;0;0;8.571428571;2.5;7.619047619;6
0;0;1;0;0;1;1;1;0;2;20;2;33.2;33.2;33.2;33.2;0;0;2.777777778;7;6.111111111;6.5;5;4
0;0;0;1;1;0;1;1;2;0;5;2;21;21;21;21;37.14285714;5;0;0;14.28571429;4.5;25.71428571;8
0;0;0;1;1;1;0;1;2;2;0;2;39.66666667;39.66666667;39.66666667;39.66666667;16.52173913;5;6.086956522;9;0;0;7.826086957;6
1;0;0;0;1;0;1;1;2;0;25;2;60;60;60;60;10.90909091;7;0;0;20;6.5;16.36363636;6
0;1;0;0;0;1;1;1;0;2;10;2;52;52;52;52;0;0;4.615384615;9;16.92307692;2.5;13.84615385;6
0;0;1;0;1;1;1;0;2;2;20;0;23;23;23;23;17.33333333;9;9.333333333;7;9.333333333;2.5;0;0
0;0;1;0;0;1;1;1;0;2;25;2;34;34;34;34;0;0;24;9;44;4.5;44;4
0;0;0;1;0;0;1;1;0;0;5;2;40.66666667;40.66666667;40.66666667;40.66666667;0;0;0;0;20;2.5;42.85714286;6
0;1;0;0;1;1;1;0;2;2;25;0;63;63;63;63;31.42857143;5;14.28571429;9;14.28571429;4.5;0;0
1;0;0;0;1;1;1;0;2;2;5;0;38.33333333;38.33333333;38.33333333;38.33333333;7.142857143;7;21.42857143;9;12.85714286;2.5;0;0
0;0;0;1;1;1;0;1;2;2;0;2;25;25;25;25;24.44444444;9;37.77777778;5;0;0;24.44444444;6
1;0;0;0;1;0;1;1;2;0;10;2;39.33333333;39.33333333;39.33333333;39.33333333;15.71428571;5;0;0;15.71428571;4.5;21.42857143;8
0;0;1;0;1;0;1;1;2;0;20;2;34;34;34;34;6.315789474;7;0;0;7.368421053;6.5;13.68421053;4
0;0;1;0;1;0;1;0;2;0;20;0;21.75;21.75;21.75;21.75;17.33333333;5;0;0;9.333333333;6.5;0;0
0;0;1;0;1;1;1;0;2;2;10;0;39;39;39;39;14.28571429;5;12.85714286;7;8.571428571;6.5;0;0
0;0;0;1;0;1;1;1;0;2;10;2;30.75;30.75;30.75;30.75;0;0;5;9;2.777777778;4.5;8.333333333;4
1;0;0;0;1;1;0;1;2;2;0;2;34;34;34;34;4.827586207;9;7.586206897;5;0;0;6.206896552;6
0;0;1;0;0;0;1;1;0;0;10;2;33.2;33.2;33.2;33.2;0;0;0;0;5;6.5;7.222222222;4
0;0;1;0;1;0;1;1;2;0;15;2;52.5;52.5;52.5;52.5;3.888888889;9;0;0;3.888888889;4.5;8.333333333;4
0;0;1;0;1;0;1;1;2;0;15;2;63;63;63;63;31.42857143;5;0;0;17.14285714;4.5;25.71428571;8
0;1;0;0;1;1;1;0;2;2;10;0;41.33333333;41.33333333;41.33333333;41.33333333;18.57142857;5;10;9;7.142857143;4.5;0;0
0;0;0;1;0;1;1;1;0;2;25;2;45;45;45;45;0;0;37.14285714;7;48.57142857;6.5;31.42857143;8
0;0;0;1;1;0;0;1;2;0;0;2;64;64;64;64;11.76470588;5;0;0;0;0;10.58823529;8
1;0;0;0;1;0;1;1;2;0;20;2;43;43;43;43;3.888888889;9;0;0;10.55555556;4.5;4.444444444;4
0;0;0;1;0;1;1;1;0;2;20;2;21;21;21;21;0;0;37.14285714;5;28.57142857;4.5;42.85714286;8
0;1;0;0;0;1;1;1;0;2;10;2;69;69;69;69;0;0;12.72727273;9;20;2.5;16.36363636;6
0;0;0;1;1;0;1;1;2;0;15;2;24.8;24.8;24.8;24.8;27.27272727;5;0;0;23.63636364;4.5;20;8
0;0;1;0;1;0;1;1;2;0;25;2;21;21;21;21;44;7;0;0;36;6.5;36;4
0;0;1;0;0;1;1;0;0;2;10;0;44;44;44;44;0;0;10.76923077;5;13.84615385;6.5;0;0
0;0;1;0;0;1;1;1;0;2;5;2;36.33333333;36.33333333;36.33333333;36.33333333;0;0;15.71428571;5;12.85714286;6.5;15.71428571;6
0;0;1;0;1;0;1;0;2;0;20;0;23;23;23;23;15.78947368;5;0;0;20;6.5;0;0
1;0;0;0;1;0;1;1;2;0;25;2;23;23;23;23;22.22222222;7;0;0;24.44444444;4.5;20;4
1;0;0;0;1;0;1;1;2;0;20;2;30.75;30.75;30.75;30.75;16.36363636;5;0;0;23.63636364;6.5;14.54545455;6
1;0;0;0;1;1;1;0;2;2;25;0;32.5;32.5;32.5;32.5;8.421052632;9;15.78947368;5;7.368421053;4.5;0;0
0;0;1;0;1;0;1;1;2;0;15;2;32.33333333;32.33333333;32.33333333;32.33333333;13.68421053;5;0;0;11.57894737;6.5;8.421052632;6
0;0;1;0;1;0;1;0;2;0;25;0;39.66666667;39.66666667;39.66666667;39.66666667;6.111111111;7;0;0;6.111111111;6.5;0;0
0;0;0;1;1;0;1;1;2;0;15;2;17.75;17.75;17.75;17.75;17.33333333;5;0;0;6.666666667;4.5;14.66666667;8
0;1;0;0;1;1;1;0;2;2;10;0;38.5;38.5;38.5;38.5;5.454545455;9;18.18181818;7;20;2.5;0;0
0;0;1;0;1;0;1;0;2;0;25;0;21.2;21.2;21.2;21.2;34.54545455;5;0;0;10.90909091;6.5;0;0
0;0;1;0;0;1;1;0;0;2;10;0;41;41;41;41;0;0;10.47619048;7;6.666666667;6.5;0;0
1;0;0;0;1;1;1;0;2;2;20;0;60.5;60.5;60.5;60.5;15.29411765;9;8.235294118;7;8.235294118;2.5;0;0
1;0;0;0;1;1;0;1;2;2;0;2;60.5;60.5;60.5;60.5;12.85714286;5;4.285714286;7;0;0;12.85714286;8
0;0;1;0;0;1;1;0;0;2;15;0;20.66666667;20.66666667;20.66666667;20.66666667;0;0;5.263157895;7;11.57894737;6.5;0;0
1;0;0;0;1;1;1;0;2;2;10;0;24;24;24;24;17.33333333;9;6.666666667;7;14.66666667;2.5;0;0
0;0;1;0;0;1;1;1;0;2;20;2;20.66666667;20.66666667;20.66666667;20.66666667;0;0;7.368421053;9;7.368421053;4.5;9.473684211;6
1;0;0;0;1;1;1;0;2;2;10;0;17.75;17.75;17.75;17.75;10.47619048;7;9.523809524;5;16.19047619;6.5;0;0
1;0;0;0;1;0;1;1;2;0;5;2;44.5;44.5;44.5;44.5;5.882352941;5;0;0;20;6.5;15.29411765;6
0;0;0;1;1;0;1;1;2;0;25;2;68.5;68.5;68.5;68.5;27.27272727;5;0;0;27.27272727;6.5;16.36363636;6
0;1;0;0;0;1;1;0;0;2;25;0;39.66666667;39.66666667;39.66666667;39.66666667;0;0;13.04347826;9;8.695652174;2.5;0;0
0;0;0;1;1;0;1;1;2;0;25;2;23;23;23;23;12.30769231;7;0;0;16.92307692;2.5;23.07692308;8
0;1;0;0;1;1;1;0;2;2;20;0;37;37;37;37;7.222222222;5;3.333333333;7;7.222222222;6.5;0;0
0;1;0;0;0;1;1;0;0;2;5;0;69.5;69.5;69.5;69.5;0;0;5.882352941;9;10.58823529;4.5;0;0
0;0;1;0;0;1;1;0;0;2;10;0;23.75;23.75;23.75;23.75;0;0;20;7;9.333333333;6.5;0;0
1;0;0;0;1;1;1;0;2;2;25;0;30.5;30.5;30.5;30.5;20;5;9.090909091;9;9.090909091;4.5;0;0
0;0;1;0;1;1;1;0;2;2;10;0;24;24;24;24;23.07692308;5;12.30769231;9;10.76923077;4.5;0;0
0;0;0;1;1;0;1;1;2;0;20;2;25.2;25.2;25.2;25.2;8.333333333;5;0;0;3.888888889;6.5;5;6
0;0;1;0;0;1;1;1;0;2;10;2;59;59;59;59;0;0;22.22222222;5;20;4.5;22.22222222;8
0;0;1;0;1;1;1;0;2;2;15;0;64;64;64;64;29.23076923;7;9.230769231;5;16.92307692;6.5;0;0
0;0;1;0;1;0;1;0;2;0;20;0;32.75;32.75;32.75;32.75;20;7;0;0;24;2.5;0;0
0;0;0;1;1;0;1;1;2;0;5;2;30;30;30;30;16.92307692;5;0;0;16.92307692;4.5;26.15384615;8
1;0;0;0;1;1;0;1;2;2;0;2;30;30;30;30;4.285714286;9;18.57142857;7;0;0;24.28571429;4
0;0;1;0;0;1;1;1;0;2;5;2;69;69;69;69;0;0;18.57142857;7;24.28571429;6.5;15.71428571;4
0;1;0;0;0;1;1;0;0;2;5;0;59.5;59.5;59.5;59.5;0;0;13.04347826;7;9.565217391;2.5;0;0
0;0;0;1;0;1;1;1;0;2;20;2;57.5;57.5;57.5;57.5;0;0;7.368421053;7;13.68421053;6.5;8.421052632;4
0;0;1;0;1;0;1;1;2;0;15;2;26.66666667;26.66666667;26.66666667;26.66666667;2.4;9;0;0;4.8;2.5;7.2;6
0;1;0;0;1;1;1;0;2;2;15;0;30.75;30.75;30.75;30.75;7.222222222;7;7.222222222;5;8.333333333;6.5;0;0
0;1;0;0;0;1;1;1;0;2;15;2;44.5;44.5;44.5;44.5;0;0;14.28571429;7;31.42857143;2.5;31.42857143;8
1;0;0;0;1;0;1;0;2;0;5;0;48.5;48.5;48.5;48.5;6.315789474;5;0;0;11.57894737;6.5;0;0
0;0;0;1;0;0;1;1;0;0;10;2;28.33333333;28.33333333;28.33333333;28.33333333;0;0;0;0;17.77777778;2.5;20;8
1;0;0;0;1;1;1;0;2;2;20;0;40;40;40;40;20;5;20;7;20;6.5;0;0
0;0;0;1;1;0;1;1;2;0;10;2;29;29;29;29;9.090909091;7;0;0;30.90909091;6.5;16.36363636;4
0;1;0;0;0;1;1;1;0;2;10;2;37.66666667;37.66666667;37.66666667;37.66666667;0;0;4.615384615;7;20;6.5;13.84615385;8
0;1;0;0;0;1;1;0;0;2;5;0;32.33333333;32.33333333;32.33333333;32.33333333;0;0;24.44444444;5;20;6.5;0;0
0;1;0;0;0;1;1;0;0;2;10;0;41.5;41.5;41.5;41.5;0;0;7.368421053;9;7.368421053;2.5;0;0
0;0;0;1;1;0;1;1;2;0;5;2;30.5;30.5;30.5;30.5;6.111111111;5;0;0;3.888888889;4.5;8.333333333;8
0;1;0;0;0;1;1;1;0;2;5;2;24;24;24;24;0;0;28;7;28;2.5;60;8
0;1;0;0;1;1;1;0;2;2;15;0;40.66666667;40.66666667;40.66666667;40.66666667;14.28571429;5;14.28571429;9;48.57142857;4.5;0;0
0;0;1;0;0;1;1;1;0;2;15;2;63;63;63;63;0;0;24.44444444;9;17.77777778;2.5;28.88888889;6
1;0;0;0;1;0;1;1;2;0;10;2;29;29;29;29;10.76923077;5;0;0;26.15384615;4.5;16.92307692;8
0;0;0;1;1;0;1;1;2;0;25;2;33;33;33;33;6.111111111;7;0;0;8.333333333;6.5;5.555555556;4
0;1;0;0;0;1;1;0;0;2;25;0;66;66;66;66;0;0;100;7;110;6.5;0;0
0;0;1;0;1;0;1;1;2;0;25;2;59;59;59;59;24.44444444;9;0;0;11.11111111;2.5;24.44444444;6
0;0;0;1;1;0;1;1;2;0;10;2;14;14;14;14;11.57894737;5;0;0;15.78947368;6.5;11.57894737;4
0;0;0;1;0;1;1;1;0;2;10;2;65;65;65;65;0;0;14.28571429;9;42.85714286;6.5;25.71428571;4
0;0;1;0;1;0;1;1;2;0;10;2;62.5;62.5;62.5;62.5;11.76470588;7;0;0;8.235294118;2.5;10.58823529;8
1;0;0;0;1;0;1;1;2;0;20;2;59.5;59.5;59.5;59.5;6.666666667;9;0;0;18.0952381;6.5;7.619047619;6
0;1;0;0;0;1;1;1;0;2;25;2;18;18;18;18;0;0;8.235294118;5;15.29411765;4.5;10.58823529;8
0;0;0;1;1;0;1;1;2;0;15;2;36;36;36;36;11.57894737;7;0;0;20;4.5;11.57894737;4
0;0;1;0;1;1;1;0;2;2;15;0;20.66666667;20.66666667;20.66666667;20.66666667;7.826086957;5;2.608695652;7;6.956521739;6.5;0;0
0;1;0;0;0;1;1;1;0;2;20;2;42.66666667;42.66666667;42.66666667;42.66666667;0;0;3.888888889;9;3.888888889;4.5;6.111111111;4
0;1;0;0;0;1;1;1;0;2;25;2;65.5;65.5;65.5;65.5;0;0;10.90909091;9;12.72727273;4.5;20;4
0;0;0;1;0;1;1;1;0;2;10;2;18.75;18.75;18.75;18.75;0;0;20;7;10.76923077;2.5;13.84615385;8
1;0;0;0;1;1;1;0;2;2;20;0;49.5;49.5;49.5;49.5;9.090909091;7;23.63636364;5;20;6.5;0;0
0;0;0;1;1;0;0;1;2;0;0;2;30;30;30;30;31.42857143;5;0;0;0;0;25.71428571;8
0;0;1;0;1;0;1;0;2;0;5;0;23.5;23.5;23.5;23.5;20;9;0;0;11.57894737;2.5;0;0
1;0;0;0;1;1;0;1;2;2;0;2;54.66666667;54.66666667;54.66666667;54.66666667;20;7;7.368421053;5;0;0;11.57894737;8
0;0;1;0;0;0;1;1;0;0;20;2;43.33333333;43.33333333;43.33333333;43.33333333;0;0;0;0;8.571428571;4.5;8.571428571;4
0;1;0;0;0;1;1;1;0;2;5;2;42.33333333;42.33333333;42.33333333;42.33333333;0;0;23.63636364;9;12.72727273;2.5;23.63636364;6
0;0;1;0;0;1;1;0;0;2;25;0;34;34;34;34;0;0;6.086956522;9;11.30434783;4.5;0;0
0;0;0;1;1;0;1;1;2;0;20;2;21;21;21;21;24;7;0;0;52;4.5;36;8
0;0;1;0;1;1;1;0;2;2;25;0;31;31;31;31;8.421052632;7;13.68421053;9;3.157894737;2.5;0;0
0;0;1;0;1;0;1;1;2;0;10;2;22;22;22;22;60;5;0;0;24;6.5;44;8
0;0;0;1;1;0;1;1;2;0;15;2;32.6;32.6;32.6;32.6;15.78947368;9;0;0;5.263157895;4.5;9.473684211;4
0;0;1;0;0;1;1;0;0;2;5;0;37;37;37;37;0;0;27.27272727;5;16.36363636;6.5;0;0
0;1;0;0;0;1;1;1;0;2;15;2;32;32;32;32;0;0;22.35294118;7;9.411764706;2.5;10.58823529;8
0;0;1;0;0;1;1;0;0;2;5;0;24;24;24;24;0;0;23.07692308;9;16.92307692;2.5;0;0
0;1;0;0;0;1;1;1;0;2;10;2;39;39;39;39;0;0;6.666666667;7;8.571428571;2.5;8.571428571;8
1;0;0;0;1;0;1;1;2;0;10;2;66;66;66;66;70;9;0;0;150;4.5;150;4
0;0;1;0;1;1;1;0;2;2;15;0;33.4;33.4;33.4;33.4;37.14285714;7;37.14285714;9;14.28571429;2.5;0;0
0;1;0;0;0;1;1;0;0;2;25;0;28;28;28;28;0;0;20;5;10.90909091;4.5;0;0
0;1;0;0;1;1;1;0;2;2;25;0;56.5;56.5;56.5;56.5;14.66666667;7;9.333333333;9;9.333333333;2.5;0;0
0;0;1;0;0;0;1;1;0;0;5;2;40.6;40.6;40.6;40.6;0;0;0;0;8.8;2.5;8;6
0;0;1;0;1;0;1;0;2;0;15;0;31;31;31;31;2.608695652;9;0;0;7.826086957;2.5;0;0
0;0;0;1;1;0;1;1;2;0;10;2;47;47;47;47;5.454545455;5;0;0;16.36363636;4.5;16.36363636;6
0;0;1;0;1;0;1;1;2;0;20;2;29;29;29;29;52;7;0;0;44;2.5;60;4
0;0;1;0;0;1;1;0;0;2;20;0;60;60;60;60;0;0;44;9;76;4.5;0;0
0;0;1;0;1;0;1;1;2;0;5;2;19.25;19.25;19.25;19.25;14.66666667;5;0;0;14.66666667;4.5;12;8
0;0;1;0;1;0;1;1;2;0;5;2;49;49;49;49;9.333333333;5;0;0;17.33333333;6.5;20;6
1;0;0;0;1;1;0;1;2;2;0;2;30.33333333;30.33333333;30.33333333;30.33333333;13.68421053;5;11.57894737;7;0;0;17.89473684;8
0;0;1;0;1;0;1;0;2;0;25;0;48.25;48.25;48.25;48.25;4;9;0;0;12;2.5;0;0
0;0;0;1;0;0;1;1;0;0;25;2;27;27;27;27;0;0;0;0;11.57894737;4.5;9.473684211;8
0;0;1;0;1;1;1;0;2;2;15;0;53.5;53.5;53.5;53.5;12.72727273;9;12.72727273;7;14.54545455;2.5;0;0
0;1;0;0;0;1;1;1;0;2;5;2;34.75;34.75;34.75;34.75;0;0;15.38461538;5;10.76923077;4.5;26.15384615;6
0;0;1;0;1;1;1;0;2;2;10;0;29.6;29.6;29.6;29.6;10.76923077;9;9.230769231;7;16.92307692;2.5;0;0
0;0;0;1;0;1;1;1;0;2;10;2;40;40;40;40;0;0;9.333333333;9;6.666666667;2.5;12;6
1;0;0;0;1;0;1;0;2;0;15;0;56;56;56;56;14.66666667;7;0;0;17.33333333;6.5;0;0
1;0;0;0;1;0;1;1;2;0;15;2;34.25;34.25;34.25;34.25;9.333333333;9;0;0;12;2.5;12;6
0;0;0;1;1;0;1;1;2;0;25;2;28;28;28;28;10.47619048;5;0;0;6.666666667;6.5;10.47619048;4
0;0;1;0;1;1;1;0;2;2;20;0;24;24;24;24;10.4;5;4;7;8.8;4.5;0;0
0;0;0;1;0;1;1;1;0;2;20;2;36.33333333;36.33333333;36.33333333;36.33333333;0;0;4.285714286;5;18.57142857;4.5;21.42857143;8
1;0;0;0;1;0;1;0;2;0;20;0;28.33333333;28.33333333;28.33333333;28.33333333;15.55555556;5;0;0;24.44444444;6.5;0;0
0;0;1;0;0;1;1;1;0;2;5;2;13.25;13.25;13.25;13.25;0;0;10.58823529;7;12.94117647;6.5;10.58823529;4
0;0;0;1;1;0;1;1;2;0;25;2;49;49;49;49;76;5;0;0;28;4.5;52;8
1;0;0;0;1;0;1;1;2;0;25;2;33.66666667;33.66666667;33.66666667;33.66666667;10;5;0;0;18.57142857;4.5;12.85714286;8
0;0;1;0;0;0;1;1;0;0;10;2;57.5;57.5;57.5;57.5;0;0;0;0;15.55555556;4.5;20;4
0;0;1;0;1;0;1;0;2;0;25;0;22.5;22.5;22.5;22.5;3.333333333;5;0;0;7.222222222;6.5;0;0
0;0;0;1;0;1;1;1;0;2;5;2;27.5;27.5;27.5;27.5;0;0;15.71428571;9;12.85714286;4.5;12.85714286;4
1;0;0;0;1;1;1;0;2;2;25;0;46;46;46;46;12;9;36;7;40;2.5;0;0
0;0;0;1;0;1;1;1;0;2;5;2;30.66666667;30.66666667;30.66666667;30.66666667;0;0;14.7826087;9;9.565217391;2.5;7.826086957;6
1;0;0;0;1;1;1;0;2;2;20;0;17.75;17.75;17.75;17.75;20;9;20;5;14.66666667;4.5;0;0
0;0;0;1;0;1;1;1;0;2;10;2;34;34;34;34;0;0;9.473684211;5;6.315789474;6.5;9.473684211;6
1;0;0;0;1;0;1;1;2;0;5;2;28.5;28.5;28.5;28.5;11.72413793;7;0;0;6.896551724;2.5;6.206896552;6
0;0;1;0;1;0;1;0;2;0;20;0;31.25;31.25;31.25;31.25;23.75;5;0;0;6.25;4.5;0;0
0;0;1;0;1;0;1;0;2;0;20;0;44;44;44;44;4.615384615;5;0;0;29.23076923;4.5;0;0
0;0;0;1;1;0;1;1;2;0;25;2;69;69;69;69;10.90909091;5;0;0;12.72727273;6.5;16.36363636;6
1;0;0;0;1;0;1;1;2;0;25;2;25;25;25;25;10.90909091;9;0;0;12.72727273;2.5;20;8
0;0;1;0;1;0;1;0;2;0;5;0;19;19;19;19;52;7;0;0;52;6.5;0;0
0;0;1;0;0;1;1;1;0;2;15;2;43.33333333;43.33333333;43.33333333;43.33333333;0;0;9.444444444;9;3.888888889;4.5;5;4
0;0;1;0;1;1;1;0;2;2;5;0;60;60;60;60;9.333333333;9;14.66666667;5;14.66666667;4.5;0;0
0;0;1;0;0;1;1;1;0;2;10;2;26.5;26.5;26.5;26.5;0;0;29.23076923;5;4.615384615;4.5;12.30769231;8
0;0;1;0;1;0;1;0;2;0;25;0;48.25;48.25;48.25;48.25;9.333333333;9;0;0;14.66666667;2.5;0;0
0;0;1;0;0;0;1;1;0;0;10;2;48;48;48;48;0;0;0;0;9.333333333;2.5;25.33333333;8
0;0;1;0;1;1;1;0;2;2;10;0;27;27;27;27;18.57142857;9;21.42857143;7;7.142857143;2.5;0;0
1;0;0;0;1;1;1;0;2;2;5;0;28.25;28.25;28.25;28.25;9.333333333;5;6.666666667;9;12;4.5;0;0
1;0;0;0;1;1;0;1;2;2;0;2;39;39;39;39;14.28571429;5;8.571428571;9;0;0;7.619047619;6
0;0;0;1;1;0;1;1;2;0;15;2;55;55;55;55;8.235294118;5;0;0;15.29411765;4.5;20;8
0;0;1;0;1;0;1;0;2;0;10;0;26;26;26;26;12.94117647;9;0;0;5.882352941;4.5;0;0
0;0;1;0;0;1;1;1;0;2;5;2;59;59;59;59;0;0;5.6;9;12;4.5;6.4;4
0;0;0;1;0;1;1;1;0;2;5;2;24;24;24;24;0;0;7.2;5;5.6;2.5;10.4;8
0;0;0;1;0;1;1;1;0;2;5;2;64.5;64.5;64.5;64.5;0;0;12.85714286;7;8.571428571;2.5;12.85714286;8
0;0;1;0;0;1;1;1;0;2;25;2;38.66666667;38.66666667;38.66666667;38.66666667;0;0;5.185185185;5;8.148148148;6.5;6.666666667;6
0;0;0;1;1;0;1;1;2;0;20;2;64.5;64.5;64.5;64.5;24.28571429;9;0;0;15.71428571;4.5;12.85714286;4
0;1;0;0;0;1;1;1;0;2;25;2;40;40;40;40;0;0;4;7;14.66666667;6.5;14.66666667;4
0;0;1;0;0;1;1;1;0;2;15;2;22.5;22.5;22.5;22.5;0;0;15.55555556;9;6.666666667;4.5;22.22222222;4
0;0;1;0;1;0;1;1;2;0;5;2;23;23;23;23;9.333333333;9;0;0;17.33333333;4.5;12;4
0;1;0;0;0;1;1;1;0;2;10;2;22.5;22.5;22.5;22.5;0;0;13.84615385;9;10.76923077;4.5;15.38461538;6
1;0;0;0;1;1;1;0;2;2;15;0;28.5;28.5;28.5;28.5;3.888888889;9;3.888888889;5;10.55555556;4.5;0;0
1;0;0;0;1;0;1;0;2;0;20;0;44.5;44.5;44.5;44.5;37.14285714;7;0;0;14.28571429;2.5;0;0
0;0;1;0;1;0;1;1;2;0;20;2;34;34;34;34;13.68421053;9;0;0;7.368421053;2.5;9.473684211;6
0;0;1;0;0;1;1;1;0;2;10;2;22.33333333;22.33333333;22.33333333;22.33333333;0;0;5;7;7.222222222;6.5;5;4
0;0;0;1;0;0;1;1;0;0;10;2;56.5;56.5;56.5;56.5;0;0;0;0;9.333333333;6.5;12;4
0;0;1;0;0;1;1;1;0;2;25;2;39;39;39;39;0;0;17.64705882;5;10.58823529;6.5;10.58823529;6
0;0;0;1;1;0;1;1;2;0;10;2;65.5;65.5;65.5;65.5;20;9;0;0;23.63636364;4.5;20;4
0;0;1;0;1;0;1;1;2;0;15;2;27;27;27;27;32;9;0;0;12;2.5;36;6
0;0;1;0;1;1;1;0;2;2;20;0;40;40;40;40;11.76470588;5;8.235294118;7;12.94117647;6.5;0;0
1;0;0;0;1;1;1;0;2;2;10;0;37.25;37.25;37.25;37.25;6.206896552;9;13.10344828;5;7.586206897;4.5;0;0
1;0;0;0;1;0;1;1;2;0;5;2;41.5;41.5;41.5;41.5;12.72727273;9;0;0;30.90909091;4.5;16.36363636;4
0;0;0;1;0;1;1;1;0;2;15;2;54.66666667;54.66666667;54.66666667;54.66666667;0;0;13.68421053;5;7.368421053;4.5;11.57894737;6
0;0;0;1;0;1;1;1;0;2;5;2;60.5;60.5;60.5;60.5;0;0;4;9;12;4.5;12;4
1;0;0;0;1;1;0;1;2;2;0;2;30.33333333;30.33333333;30.33333333;30.33333333;3.157894737;5;13.68421053;7;0;0;13.68421053;8
0;0;1;0;1;1;1;0;2;2;10;0;44;44;44;44;9.230769231;7;26.15384615;5;16.92307692;2.5;0;0
0;0;1;0;1;0;1;1;2;0;10;2;27;27;27;27;33.33333333;5;0;0;15.55555556;6.5;17.77777778;6
0;0;1;0;1;1;1;0;2;2;10;0;26.66666667;26.66666667;26.66666667;26.66666667;4;9;8.8;7;7.2;2.5;0;0
1;0;0;0;1;0;1;1;2;0;25;2;25.5;25.5;25.5;25.5;130;7;0;0;70;6.5;90;4
0;1;0;0;1;1;1;0;2;2;10;0;59;59;59;59;4;7;10.4;5;5.6;6.5;0;0
1;0;0;0;1;0;1;1;2;0;5;2;48;48;48;48;5.6;7;0;0;8.8;2.5;10.4;8
0;1;0;0;1;1;1;0;2;2;15;0;26;26;26;26;15.29411765;7;15.29411765;5;17.64705882;6.5;0;0
0;0;1;0;1;1;1;0;2;2;25;0;18.75;18.75;18.75;18.75;23.07692308;9;13.84615385;7;16.92307692;2.5;0;0
0;0;1;0;0;1;1;0;0;2;10;0;18.5;18.5;18.5;18.5;0;0;14.66666667;9;10.66666667;2.5;0;0
0;0;0;1;1;0;1;1;2;0;20;2;50;50;50;50;16.36363636;7;0;0;30.90909091;6.5;20;4
0;0;1;0;0;1;1;1;0;2;15;2;48.25;48.25;48.25;48.25;0;0;9.333333333;9;12;4.5;13.33333333;4
0;1;0;0;0;1;1;0;0;2;25;0;64;64;64;64;0;0;15.29411765;7;8.235294118;2.5;0;0
1;0;0;0;1;0;1;1;2;0;20;2;31.5;31.5;31.5;31.5;15.29411765;7;0;0;8.235294118;6.5;10.58823529;4
0;0;1;0;1;0;1;0;2;0;5;0;33;33;33;33;10.47619048;5;0;0;9.523809524;4.5;0;0
0;0;0;1;0;0;1;1;0;0;10;2;39.5;39.5;39.5;39.5;0;0;0;0;12.72727273;6.5;16.36363636;4
1;0;0;0;1;0;1;1;2;0;15;2;48;48;48;48;8.8;9;0;0;12;4.5;8.8;4
0;0;1;0;0;1;1;1;0;2;5;2;23.5;23.5;23.5;23.5;0;0;10.58823529;7;7.058823529;2.5;10.58823529;8
1;0;0;0;1;1;1;0;2;2;20;0;39;39;39;39;7.058823529;9;5.882352941;5;17.64705882;4.5;0;0
0;0;1;0;0;0;1;1;0;0;10;2;36;36;36;36;0;0;0;0;5.185185185;2.5;14.07407407;8
0;0;0;1;0;1;1;1;0;2;10;2;64.66666667;64.66666667;64.66666667;64.66666667;0;0;12;9;9.333333333;4.5;13.33333333;6
0;0;1;0;0;1;1;1;0;2;15;2;46.66666667;46.66666667;46.66666667;46.66666667;0;0;7.368421053;7;7.368421053;6.5;8.421052632;4
0;0;0;1;0;1;1;1;0;2;5;2;59;59;59;59;0;0;20;5;60;6.5;36;6
0;0;1;0;1;0;1;0;2;0;25;0;20.75;20.75;20.75;20.75;8.965517241;9;0;0;13.10344828;4.5;0;0
0;0;1;0;1;1;1;0;2;2;10;0;31;31;31;31;11.30434783;9;7.826086957;7;6.956521739;2.5;0;0
0;0;1;0;1;1;1;0;2;2;10;0;36;36;36;36;3.888888889;5;5;7;7.222222222;6.5;0;0
0;0;0;1;1;0;1;1;2;0;15;2;58;58;58;58;8.571428571;9;0;0;10;2.5;18.57142857;6
0;0;1;0;1;1;1;0;2;2;10;0;58;58;58;58;8.571428571;5;4.285714286;7;15.71428571;6.5;0;0
0;0;1;0;1;0;1;0;2;0;15;0;37;37;37;37;20;7;0;0;20;2.5;0;0
0;0;1;0;0;1;1;0;0;2;25;0;50;50;50;50;0;0;10.76923077;7;16.92307692;6.5;0;0
0;1;0;0;1;1;1;0;2;2;20;0;35.5;35.5;35.5;35.5;3.888888889;9;8.333333333;5;1.666666667;4.5;0;0
0;0;1;0;0;0;1;1;0;0;20;2;26;26;26;26;0;0;0;0;9.090909091;4.5;16.36363636;8
0;0;1;0;1;1;1;0;2;2;25;0;59;59;59;59;10.4;7;5.6;9;4.8;2.5;0;0
0;0;0;1;0;1;1;1;0;2;20;2;42;42;42;42;0;0;6.086956522;5;11.30434783;4.5;13.04347826;8
0;0;1;0;0;1;1;1;0;2;25;2;33;33;33;33;0;0;7.619047619;5;8.571428571;6.5;10.47619048;6
0;0;1;0;1;0;1;1;2;0;15;2;37;37;37;37;23.63636364;9;0;0;23.63636364;4.5;27.27272727;4
1;0;0;0;1;1;1;0;2;2;20;0;31;31;31;31;25.33333333;5;8;9;6.666666667;2.5;0;0
0;0;1;0;1;0;1;1;2;0;20;2;20;20;20;20;2.068965517;9;0;0;6.206896552;2.5;5.517241379;6
0;0;1;0;1;0;1;1;2;0;15;2;33;33;33;33;5.714285714;9;0;0;6.666666667;2.5;12.38095238;6
0;0;0;1;0;1;1;1;0;2;15;2;59;59;59;59;0;0;24.44444444;5;22.22222222;4.5;24.44444444;8
0;0;1;0;0;1;1;0;0;2;5;0;36;36;36;36;0;0;9.62962963;7;9.62962963;6.5;0;0
0;0;1;0;0;1;1;0;0;2;10;0;20;20;20;20;0;0;11.72413793;7;7.586206897;2.5;0;0
0;1;0;0;0;1;0;1;0;2;0;2;59;59;59;59;0;0;14.54545455;7;0;0;16.36363636;4
0;0;0;1;0;0;1;1;0;0;15;2;23;23;23;23;0;0;0;0;16.92307692;6.5;13.84615385;4
0;0;1;0;1;0;1;1;2;0;15;2;25;25;25;25;10.66666667;5;0;0;9.333333333;6.5;12;6
0;0;1;0;1;1;1;0;2;2;25;0;32.33333333;32.33333333;32.33333333;32.33333333;22.22222222;5;24.44444444;7;20;6.5;0;0
0;0;0;1;0;1;1;1;0;2;10;2;40.33333333;40.33333333;40.33333333;40.33333333;0;0;12;7;14.66666667;2.5;20;8
0;0;1;0;0;1;1;1;0;2;25;2;34.25;34.25;34.25;34.25;0;0;16.36363636;7;9.090909091;2.5;20;8
1;0;0;0;1;0;1;1;2;0;20;2;57.5;57.5;57.5;57.5;3.888888889;9;0;0;3.888888889;4.5;5;4
0;0;1;0;1;0;1;1;2;0;10;2;30;30;30;30;8.571428571;9;0;0;17.14285714;4.5;31.42857143;4
0;0;1;0;1;0;1;1;2;0;25;2;24;24;24;24;12;5;0;0;10.4;6.5;10.4;6
0;1;0;0;1;1;1;0;2;2;5;0;18.5;18.5;18.5;18.5;9.333333333;7;4;5;22.66666667;6.5;0;0
0;0;1;0;1;0;1;0;2;0;15;0;46;46;46;46;20;7;0;0;12.72727273;6.5;0;0
0;0;0;1;1;1;0;1;2;2;0;2;58;58;58;58;14.28571429;5;54.28571429;7;0;0;31.42857143;8
1;0;0;0;1;0;1;1;2;0;20;2;57;57;57;57;4.615384615;5;0;0;16.92307692;6.5;13.84615385;6
0;1;0;0;1;1;1;0;2;2;5;0;36;36;36;36;9.444444444;5;6.111111111;9;3.888888889;4.5;0;0
0;0;0;1;1;0;1;1;2;0;20;2;16;16;16;16;7.407407407;9;0;0;8.148148148;2.5;8.148148148;8
0;1;0;0;0;1;1;1;0;2;20;2;32;32;32;32;0;0;5.882352941;7;11.76470588;2.5;10.58823529;8
0;0;1;0;0;1;1;1;0;2;15;2;41;41;41;41;0;0;24.44444444;7;22.22222222;2.5;24.44444444;8
0;0;1;0;0;0;1;1;0;0;5;2;29.6;29.6;29.6;29.6;0;0;0;0;16.92307692;2.5;15.38461538;6
0;0;1;0;0;0;1;1;0;0;10;2;35.5;35.5;35.5;35.5;0;0;0;0;12.85714286;6.5;21.42857143;6
0;1;0;0;1;1;1;0;2;2;20;0;23;23;23;23;10.52631579;5;7.368421053;7;11.57894737;6.5;0;0
0;0;1;0;0;1;1;0;0;2;25;0;26.75;26.75;26.75;26.75;0;0;7.058823529;5;12.94117647;6.5;0;0
0;1;0;0;0;1;1;1;0;2;20;2;58;58;58;58;0;0;31.42857143;9;20;2.5;28.57142857;6
0;0;1;0;1;0;1;1;2;0;15;2;50;50;50;50;10.76923077;7;0;0;10.76923077;6.5;20;4
0;1;0;0;0;1;1;0;0;2;20;0;26.33333333;26.33333333;26.33333333;26.33333333;0;0;13.68421053;9;8.421052632;4.5;0;0
0;1;0;0;0;1;1;1;0;2;25;2;40;40;40;40;0;0;20;5;20;6.5;23.07692308;4
0;0;0;1;0;1;1;1;0;2;15;2;34;34;34;34;0;0;9.565217391;5;16.52173913;6.5;13.04347826;6
1;0;0;0;1;0;1;0;2;0;15;0;26.33333333;26.33333333;26.33333333;26.33333333;9.473684211;5;0;0;3.157894737;4.5;0;0
0;0;0;1;0;1;1;1;0;2;5;2;20.33333333;20.33333333;20.33333333;20.33333333;0;0;7.407407407;9;3.703703704;4.5;8.148148148;4
0;0;1;0;0;1;1;0;0;2;10;0;20.75;20.75;20.75;20.75;0;0;8.8;5;4.8;6.5;0;0
0;1;0;0;1;1;1;0;2;2;10;0;22.75;22.75;22.75;22.75;5.882352941;7;8.235294118;9;12.94117647;2.5;0;0
0;0;1;0;1;1;1;0;2;2;25;0;20;20;20;20;7.586206897;5;4.827586207;7;7.586206897;6.5;0;0
0;1;0;0;0;1;1;1;0;2;20;2;63;63;63;63;0;0;8.235294118;7;12.94117647;4.5;12.94117647;8
0;1;0;0;0;1;1;1;0;2;5;2;22.6;22.6;22.6;22.6;0;0;10;9;8.571428571;4.5;21.42857143;4
0;0;1;0;1;0;1;1;2;0;15;2;48.5;48.5;48.5;48.5;10.52631579;7;0;0;9.473684211;6.5;9.473684211;4
0;1;0;0;0;1;1;0;0;2;15;0;59;59;59;59;0;0;11.11111111;9;28.88888889;4.5;0;0
0;0;1;0;1;1;1;0;2;2;5;0;17.33333333;17.33333333;17.33333333;17.33333333;9.411764706;5;15.29411765;9;7.058823529;2.5;0;0
0;1;0;0;0;1;1;0;0;2;10;0;20.75;20.75;20.75;20.75;0;0;7.368421053;9;9.473684211;2.5;0;0
0;1;0;0;1;1;1;0;2;2;15;0;62.5;62.5;62.5;62.5;20;7;15.29411765;5;10.58823529;6.5;0;0
1;0;0;0;1;0;1;1;2;0;20;2;29;29;29;29;16.36363636;5;0;0;23.63636364;4.5;20;8
0;0;1;0;0;1;1;1;0;2;25;2;67;67;67;67;0;0;14.66666667;9;12;4.5;14.66666667;4
0;1;0;0;0;1;1;0;0;2;25;0;13;13;13;13;0;0;12;5;9.333333333;6.5;0;0
1;0;0;0;1;1;1;0;2;2;20;0;19.33333333;19.33333333;19.33333333;19.33333333;12.94117647;5;8.235294118;9;7.058823529;4.5;0;0
1;0;0;0;1;0;1;1;2;0;5;2;57.5;57.5;57.5;57.5;17.33333333;7;0;0;9.333333333;2.5;12;4
0;1;0;0;0;1;1;1;0;2;10;2;47;47;47;47;0;0;33.33333333;5;15.55555556;4.5;20;8
0;0;0;1;0;1;1;1;0;2;15;2;36.33333333;36.33333333;36.33333333;36.33333333;0;0;10;7;15.71428571;6.5;18.57142857;4
0;0;1;0;1;0;1;0;2;0;20;0;20.33333333;20.33333333;20.33333333;20.33333333;8.148148148;9;0;0;5.185185185;4.5;0;0
1;0;0;0;1;1;1;0;2;2;15;0;32.5;32.5;32.5;32.5;11.57894737;7;11.57894737;9;6.315789474;2.5;0;0
0;0;1;0;1;1;1;0;2;2;10;0;39;39;39;39;24.28571429;7;18.57142857;9;10;2.5;0;0
1;0;0;0;1;1;1;0;2;2;10;0;59;59;59;59;15.55555556;9;28.88888889;5;33.33333333;4.5;0;0
0;0;1;0;0;1;1;1;0;2;10;2;37;37;37;37;0;0;20;9;14.54545455;2.5;16.36363636;6
0;0;1;0;0;1;1;1;0;2;25;2;49.5;49.5;49.5;49.5;0;0;14.54545455;9;16.36363636;2.5;20;6
0;0;0;1;0;1;1;1;0;2;20;2;18.8;18.8;18.8;18.8;0;0;9.090909091;7;23.63636364;6.5;20;4
1;0;0;0;1;0;1;1;2;0;15;2;63;63;63;63;110;5;0;0;150;4.5;80;8
0;1;0;0;1;1;0;1;2;2;0;2;48.5;48.5;48.5;48.5;5.263157895;7;5.263157895;9;0;0;13.68421053;4
0;0;0;1;1;0;1;1;2;0;25;2;33.2;33.2;33.2;33.2;2.777777778;9;0;0;3.888888889;2.5;8.333333333;6
0;1;0;0;0;1;1;1;0;2;10;2;28;28;28;28;0;0;4.761904762;9;12.38095238;4.5;9.523809524;6
0;0;1;0;1;0;1;0;2;0;20;0;41.33333333;41.33333333;41.33333333;41.33333333;31.42857143;5;0;0;31.42857143;6.5;0;0
0;1;0;0;1;1;1;0;2;2;15;0;32.4;32.4;32.4;32.4;6.086956522;5;8.695652174;9;11.30434783;4.5;0;0
0;1;0;0;1;1;0;1;2;2;0;2;25;25;25;25;9.333333333;9;17.33333333;7;0;0;10.66666667;4
1;0;0;0;1;0;1;1;2;0;25;2;38.5;38.5;38.5;38.5;18.18181818;5;0;0;16.36363636;2.5;16.36363636;6
0;0;0;1;0;0;1;1;0;0;15;2;33.2;33.2;33.2;33.2;0;0;0;0;6.111111111;2.5;6.111111111;8
0;0;1;0;1;0;1;0;2;0;15;0;20;20;20;20;7.586206897;5;0;0;4.827586207;6.5;0;0
0;1;0;0;0;1;1;1;0;2;25;2;23;23;23;23;0;0;13.68421053;9;5.263157895;4.5;11.57894737;4
0;0;1;0;1;1;1;0;2;2;20;0;27.5;27.5;27.5;27.5;5.882352941;9;20;5;11.76470588;6.5;0;0
0;1;0;0;0;1;1;0;0;2;5;0;66;66;66;66;0;0;30;9;190;4.5;0;0
0;1;0;0;1;1;1;0;2;2;5;0;59;59;59;59;5.454545455;7;27.27272727;5;20;6.5;0;0
0;1;0;0;0;1;1;1;0;2;25;2;35.66666667;35.66666667;35.66666667;35.66666667;0;0;6.111111111;5;10.55555556;6.5;6.111111111;6
0;1;0;0;1;1;1;0;2;2;20;0;35;35;35;35;6.111111111;7;3.333333333;9;6.111111111;2.5;0;0
0;0;0;1;0;0;1;1;0;0;10;2;39.33333333;39.33333333;39.33333333;39.33333333;0;0;0;0;8.148148148;2.5;6.666666667;6
1;0;0;0;1;1;1;0;2;2;25;0;44;44;44;44;20;9;42.85714286;5;20;4.5;0;0
0;0;1;0;0;0;1;1;0;0;10;2;59.5;59.5;59.5;59.5;0;0;0;0;7.826086957;6.5;7.826086957;4
0;0;1;0;0;1;1;0;0;2;5;0;32.33333333;32.33333333;32.33333333;32.33333333;0;0;13.68421053;5;5.263157895;4.5;0;0
0;0;1;0;0;1;1;0;0;2;25;0;59;59;59;59;0;0;6.666666667;5;17.33333333;4.5;0;0
0;1;0;0;0;1;1;1;0;2;5;2;22.5;22.5;22.5;22.5;0;0;20;5;9.230769231;6.5;23.07692308;6
0;0;1;0;0;0;1;1;0;0;10;2;20.75;20.75;20.75;20.75;0;0;0;0;10.4;4.5;7.2;8
1;0;0;0;1;0;1;1;2;0;5;2;39;39;39;39;10;7;0;0;15.71428571;2.5;12.85714286;8
0;1;0;0;0;1;1;1;0;2;25;2;31;31;31;31;0;0;7.368421053;9;15.78947368;4.5;11.57894737;4
0;0;1;0;1;1;1;0;2;2;15;0;57.5;57.5;57.5;57.5;10.55555556;7;7.222222222;9;3.888888889;2.5;0;0
0;1;0;0;0;1;1;1;0;2;25;2;38;38;38;38;0;0;16.52173913;5;6.086956522;6.5;7.826086957;6
0;0;1;0;1;0;1;0;2;0;5;0;24;24;24;24;12;5;0;0;20;6.5;0;0
0;0;1;0;0;1;1;0;0;2;5;0;46.33333333;46.33333333;46.33333333;46.33333333;0;0;14.66666667;9;14.66666667;4.5;0;0
1;0;0;0;1;1;1;0;2;2;15;0;45;45;45;45;8.571428571;9;25.71428571;7;31.42857143;2.5;0;0
0;1;0;0;0;1;1;1;0;2;10;2;45;45;45;45;0;0;37.14285714;9;14.28571429;4.5;22.85714286;4
0;0;0;1;0;1;1;1;0;2;5;2;16;16;16;16;0;0;11.11111111;5;5.925925926;4.5;8.148148148;8
0;1;0;0;0;1;1;0;0;2;10;0;34.25;34.25;34.25;34.25;0;0;12.72727273;5;20;4.5;0;0
0;1;0;0;0;1;1;1;0;2;25;2;61;61;61;61;0;0;4;9;14.66666667;2.5;12;6
0;0;1;0;1;0;1;1;2;0;25;2;53;53;53;53;15.71428571;9;0;0;12.85714286;2.5;18.57142857;6
0;0;1;0;1;1;1;0;2;2;5;0;23.5;23.5;23.5;23.5;3.157894737;7;7.368421053;9;13.68421053;6.5;0;0
1;0;0;0;1;1;0;1;2;2;0;2;38.5;38.5;38.5;38.5;16.36363636;9;30.90909091;7;0;0;16.36363636;4
0;0;1;0;1;1;1;0;2;2;5;0;30.25;30.25;30.25;30.25;11.30434783;5;6.086956522;7;7.826086957;6.5;0;0
0;0;1;0;1;0;1;1;2;0;10;2;34.75;34.75;34.75;34.75;16.92307692;9;0;0;16.92307692;2.5;13.84615385;6
1;0;0;0;1;1;1;0;2;2;25;0;33.5;33.5;33.5;33.5;12.85714286;9;27.14285714;5;12.85714286;4.5;0;0
0;1;0;0;0;1;1;1;0;2;5;2;57;57;57;57;0;0;9.230769231;9;16.92307692;4.5;20;4
0;0;0;1;0;1;0;1;0;2;0;2;19;19;19;19;0;0;68;9;0;0;36;4
0;0;1;0;0;0;1;1;0;0;15;2;40;40;40;40;0;0;0;0;25.33333333;6.5;12;6
1;0;0;0;1;1;1;0;2;2;20;0;69.5;69.5;69.5;69.5;5.882352941;7;15.29411765;5;12.94117647;6.5;0;0
0;0;1;0;0;1;1;1;0;2;20;2;31;31;31;31;0;0;4.347826087;9;9.565217391;2.5;14.7826087;6
0;0;0;1;0;1;1;1;0;2;15;2;17.75;17.75;17.75;17.75;0;0;6.666666667;9;20;4.5;20;8
1;0;0;0;1;1;1;0;2;2;25;0;31.25;31.25;31.25;31.25;6.25;9;11.25;7;8.75;2.5;0;0
0;0;0;1;1;1;0;1;2;2;0;2;50.5;50.5;50.5;50.5;40;7;20;9;0;0;36;4
0;0;0;1;0;1;1;1;0;2;15;2;61;61;61;61;0;0;10;5;12.85714286;6.5;15.71428571;6
0;0;1;0;0;0;1;1;0;0;25;2;26.66666667;26.66666667;26.66666667;26.66666667;0;0;0;0;10.4;4.5;7.2;4
0;1;0;0;1;1;1;0;2;2;25;0;37;37;37;37;4.827586207;5;4.827586207;7;7.586206897;6.5;0;0
0;0;1;0;1;0;1;1;2;0;25;2;59;59;59;59;44;7;0;0;44;2.5;60;8
1;0;0;0;1;0;1;0;2;0;15;0;18;18;18;18;5.882352941;9;0;0;8.235294118;2.5;0;0
0;0;1;0;1;0;1;0;2;0;20;0;64.5;64.5;64.5;64.5;13.6;9;0;0;7.2;2.5;0;0
0;1;0;0;0;1;1;1;0;2;10;2;26;26;26;26;0;0;4;9;17.33333333;4.5;12;4
1;0;0;0;1;0;1;1;2;0;15;2;28.66666667;28.66666667;28.66666667;28.66666667;6.666666667;7;0;0;20;6.5;12;8
0;0;0;1;1;0;1;1;2;0;15;2;52;52;52;52;23.07692308;9;0;0;13.84615385;2.5;12.30769231;8
0;1;0;0;0;1;1;0;0;2;5;0;26.66666667;26.66666667;26.66666667;26.66666667;0;0;8.148148148;7;2.222222222;2.5;0;0
0;0;1;0;1;0;1;1;2;0;15;2;25.33333333;25.33333333;25.33333333;25.33333333;14.28571429;5;0;0;6.666666667;6.5;8.571428571;6
0;1;0;0;1;1;1;0;2;2;15;0;30;30;30;30;12.85714286;5;7.142857143;7;18.57142857;6.5;0;0
1;0;0;0;1;0;1;0;2;0;15;0;55;55;55;55;15.55555556;7;0;0;15.55555556;2.5;0;0
0;0;0;1;0;1;1;1;0;2;25;2;61;61;61;61;0;0;10;9;11.42857143;4.5;12.85714286;4
0;0;1;0;1;0;1;0;2;0;5;0;42.66666667;42.66666667;42.66666667;42.66666667;5.555555556;7;0;0;7.222222222;4.5;0;0
0;1;0;0;1;1;1;0;2;2;15;0;21.25;21.25;21.25;21.25;9.565217391;5;9.565217391;9;4.347826087;4.5;0;0
1;0;0;0;1;0;1;1;2;0;15;2;46.33333333;46.33333333;46.33333333;46.33333333;17.33333333;7;0;0;12;6.5;12;4
0;0;0;1;1;0;1;1;2;0;10;2;36;36;36;36;5.185185185;7;0;0;6.666666667;6.5;8.148148148;4
0;0;1;0;1;1;1;0;2;2;25;0;64.66666667;64.66666667;64.66666667;64.66666667;10.66666667;7;25.33333333;9;4;2.5;0;0
0;0;1;0;0;1;1;1;0;2;20;2;26;26;26;26;0;0;3.703703704;5;7.407407407;6.5;6.666666667;6
0;0;0;1;1;0;1;1;2;0;10;2;61.5;61.5;61.5;61.5;23.07692308;7;0;0;16.92307692;6.5;12.30769231;4
0;0;1;0;0;1;1;0;0;2;20;0;31.33333333;31.33333333;31.33333333;31.33333333;0;0;16.92307692;5;20;4.5;0;0
1;0;0;0;1;0;1;0;2;0;20;0;40;40;40;40;16.92307692;9;0;0;10.76923077;2.5;0;0
0;0;0;1;1;0;1;1;2;0;20;2;23.25;23.25;23.25;23.25;15.78947368;5;0;0;13.68421053;4.5;9.473684211;8
0;0;0;1;1;0;1;1;2;0;20;2;36;36;36;36;60;5;0;0;52;4.5;36;8
0;0;1;0;1;0;1;1;2;0;5;2;44.33333333;44.33333333;44.33333333;44.33333333;6.896551724;7;0;0;6.206896552;2.5;6.206896552;8
0;0;1;0;0;0;1;0;0;0;15;0;46.5;46.5;46.5;46.5;0;0;0;0;17.89473684;6.5;0;0
1;0;0;0;1;1;1;0;2;2;10;0;32.5;32.5;32.5;32.5;12.72727273;5;23.63636364;9;12.72727273;4.5;0;0
0;0;1;0;1;0;1;0;2;0;10;0;40;40;40;40;7.222222222;5;0;0;1.666666667;4.5;0;0
0;0;1;0;1;0;1;0;2;0;25;0;48;48;48;48;6.666666667;7;0;0;12;6.5;0;0
0;0;1;0;0;0;1;1;0;0;10;2;21.66666667;21.66666667;21.66666667;21.66666667;0;0;0;0;12;4.5;12;8
0;0;0;1;0;0;1;1;0;0;15;2;51;51;51;51;0;0;0;0;15.55555556;6.5;20;4
1;0;0;0;1;1;0;1;2;2;0;2;66;66;66;66;80;7;90;9;0;0;110;4
1;0;0;0;1;0;1;1;2;0;15;2;46.33333333;46.33333333;46.33333333;46.33333333;9.333333333;7;0;0;13.33333333;2.5;12;8
0;1;0;0;0;1;1;1;0;2;10;2;38.66666667;38.66666667;38.66666667;38.66666667;0;0;8.148148148;7;6.666666667;2.5;5.925925926;6
0;0;1;0;1;0;1;0;2;0;5;0;56;56;56;56;10.47619048;9;0;0;10.47619048;2.5;0;0
0;1;0;0;0;1;1;0;0;2;15;0;33.2;33.2;33.2;33.2;0;0;4.615384615;5;16.92307692;4.5;0;0
0;1;0;0;0;1;1;0;0;2;10;0;33;33;33;33;0;0;5.555555556;7;9.444444444;6.5;0;0
0;0;1;0;0;1;1;0;0;2;15;0;18;18;18;18;0;0;3.529411765;5;15.29411765;6.5;0;0
0;0;1;0;1;0;1;0;2;0;10;0;48;48;48;48;6.315789474;5;0;0;11.57894737;6.5;0;0
0;0;1;0;0;1;1;1;0;2;20;2;25.2;25.2;25.2;25.2;0;0;2.777777778;7;8.333333333;6.5;9.444444444;4
0;0;0;1;0;1;0;1;0;2;0;2;23;23;23;23;0;0;20;9;0;0;10.58823529;4
0;0;0;1;1;0;1;1;2;0;5;2;49;49;49;49;6.666666667;7;0;0;6.666666667;6.5;10.47619048;4
0;0;1;0;1;0;1;1;2;0;5;2;33.66666667;33.66666667;33.66666667;33.66666667;30.90909091;5;0;0;20;6.5;20;6
1;0;0;0;1;0;1;0;2;0;20;0;40.66666667;40.66666667;40.66666667;40.66666667;20;5;0;0;25.71428571;6.5;0;0
0;0;0;1;1;0;1;1;2;0;20;2;45;45;45;45;23.63636364;5;0;0;27.27272727;6.5;20;6
0;1;0;0;0;1;1;1;0;2;20;2;63.5;63.5;63.5;63.5;0;0;12.85714286;5;14.28571429;4.5;15.71428571;8
0;0;1;0;0;1;1;1;0;2;15;2;44.5;44.5;44.5;44.5;0;0;14.28571429;5;17.14285714;6.5;37.14285714;6
0;1;0;0;0;1;1;1;0;2;20;2;58.5;58.5;58.5;58.5;0;0;20;9;12.72727273;2.5;18.18181818;6
0;1;0;0;1;1;1;0;2;2;10;0;57;57;57;57;16.92307692;5;16.92307692;9;23.07692308;4.5;0;0
0;0;1;0;1;0;1;0;2;0;20;0;22;22;22;22;20;7;0;0;28.57142857;2.5;0;0
0;0;1;0;1;0;1;0;2;0;25;0;65.5;65.5;65.5;65.5;16.92307692;7;0;0;20;6.5;0;0
0;0;1;0;0;1;1;1;0;2;25;2;24;24;24;24;0;0;5.6;7;5.6;2.5;6.4;8
0;0;0;1;1;0;1;1;2;0;15;2;29;29;29;29;12.72727273;5;0;0;27.27272727;6.5;20;6
0;1;0;0;1;1;1;0;2;2;20;0;27;27;27;27;7.368421053;5;11.57894737;7;11.57894737;6.5;0;0
0;1;0;0;0;1;0;1;0;2;0;2;50.5;50.5;50.5;50.5;0;0;4.8;5;0;0;10.4;6
0;1;0;0;1;1;1;0;2;2;10;0;20.66666667;20.66666667;20.66666667;20.66666667;6.086956522;9;6.956521739;7;4.347826087;2.5;0;0
1;0;0;0;1;0;1;1;2;0;10;2;63;63;63;63;10.90909091;5;0;0;23.63636364;4.5;16.36363636;8
0;1;0;0;1;1;1;0;2;2;15;0;44;44;44;44;6.086956522;7;8.695652174;7;9.565217391;6.5;0;0
1;0;0;0;1;0;1;1;2;0;25;2;58;58;58;58;2.777777778;5;0;0;8.333333333;4.5;7.222222222;8
0;0;0;1;1;0;1;1;2;0;10;2;42.33333333;42.33333333;42.33333333;42.33333333;30.90909091;9;0;0;16.36363636;2.5;20;6
0;0;1;0;1;0;1;1;2;0;20;2;26;26;26;26;12;5;0;0;13.33333333;6.5;12;6
0;0;0;1;1;1;0;1;2;2;0;2;35.66666667;35.66666667;35.66666667;35.66666667;1.666666667;5;3.888888889;7;0;0;5;8
0;0;1;0;1;1;1;0;2;2;20;0;49;49;49;49;9.333333333;7;9.333333333;5;9.333333333;6.5;0;0
0;0;1;0;0;1;1;1;0;2;25;2;30;30;30;30;0;0;18.57142857;5;10;4.5;21.42857143;8
0;0;1;0;1;0;1;1;2;0;25;2;53.5;53.5;53.5;53.5;16.36363636;7;0;0;12.72727273;6.5;30.90909091;4
0;0;1;0;0;1;1;0;0;2;20;0;59;59;59;59;0;0;28.88888889;5;17.77777778;6.5;0;0
1;0;0;0;1;0;1;1;2;0;15;2;52;52;52;52;6.086956522;9;0;0;9.565217391;2.5;9.565217391;6
0;0;1;0;0;1;1;1;0;2;25;2;28;28;28;28;0;0;4;9;12;6.5;12;6
0;0;1;0;1;1;1;0;2;2;15;0;39.33333333;39.33333333;39.33333333;39.33333333;7.407407407;7;11.11111111;9;3.703703704;2.5;0;0
1;0;0;0;1;1;1;0;2;2;20;0;40;40;40;40;13.33333333;7;17.33333333;5;17.33333333;6.5;0;0
0;1;0;0;0;1;1;1;0;2;10;2;44.33333333;44.33333333;44.33333333;44.33333333;0;0;3.448275862;5;3.448275862;4.5;7.586206897;8
1;0;0;0;1;1;1;0;2;2;5;0;60;60;60;60;12.72727273;9;12.72727273;5;27.27272727;4.5;0;0
0;0;0;1;1;0;1;1;2;0;5;2;64.5;64.5;64.5;64.5;7.142857143;5;0;0;27.14285714;6.5;12.85714286;6
1;0;0;0;1;1;1;0;2;2;15;0;40;40;40;40;22.35294118;5;8.235294118;7;9.411764706;6.5;0;0
0;1;0;0;1;1;1;0;2;2;20;0;20.75;20.75;20.75;20.75;10.4;7;7.2;9;8.8;2.5;0;0
0;1;0;0;1;1;1;0;2;2;15;0;34;34;34;34;11.57894737;9;11.57894737;7;8.421052632;2.5;0;0
0;1;0;0;1;1;0;0;2;2;0;0;63;63;63;63;28.88888889;7;15.55555556;9;0;0;0;0
1;0;0;0;1;1;1;0;2;2;5;0;33.66666667;33.66666667;33.66666667;33.66666667;20;5;34.54545455;9;12.72727273;4.5;0;0
0;1;0;0;1;1;0;1;2;2;0;2;49;49;49;49;12;5;44;9;0;0;44;6
0;1;0;0;1;1;1;0;2;2;5;0;28.33333333;28.33333333;28.33333333;28.33333333;22.22222222;7;33.33333333;9;15.55555556;2.5;0;0
0;0;1;0;1;0;1;1;2;0;10;2;32.33333333;32.33333333;32.33333333;32.33333333;7.222222222;9;0;0;3.888888889;2.5;5;6
1;0;0;0;1;1;1;0;2;2;25;0;23.6;23.6;23.6;23.6;17.77777778;7;6.666666667;9;24.44444444;6.5;0;0
0;0;1;0;1;1;1;0;2;2;15;0;45;45;45;45;12.72727273;9;18.18181818;7;23.63636364;6.5;0;0
1;0;0;0;1;0;1;0;2;0;5;0;32.4;32.4;32.4;32.4;6.086956522;7;0;0;11.30434783;6.5;0;0
0;0;0;1;1;0;1;1;2;0;25;2;32.33333333;32.33333333;32.33333333;32.33333333;11.57894737;5;0;0;20;6.5;11.57894737;6
1;0;0;0;1;0;1;1;2;0;15;2;31.33333333;31.33333333;31.33333333;31.33333333;7.692307692;9;0;0;10.76923077;4.5;26.15384615;4
0;0;1;0;0;1;1;1;0;2;10;2;40.6;40.6;40.6;40.6;0;0;4.8;5;7.2;4.5;7.2;8
0;0;1;0;1;0;1;1;2;0;10;2;28.33333333;28.33333333;28.33333333;28.33333333;15.55555556;7;0;0;28.88888889;6.5;24.44444444;4
0;1;0;0;0;1;1;1;0;2;25;2;33;33;33;33;0;0;15.55555556;9;20;2.5;20;6
0;0;1;0;0;1;1;0;0;2;25;0;57.5;57.5;57.5;57.5;0;0;20;7;7.058823529;6.5;0;0
0;0;1;0;1;1;1;0;2;2;5;0;17.75;17.75;17.75;17.75;4.761904762;5;10.47619048;9;14.28571429;4.5;0;0
0;0;1;0;0;1;1;1;0;2;5;2;24;24;24;24;0;0;8.8;9;5.6;2.5;7.2;6
0;1;0;0;0;1;1;1;0;2;5;2;62.5;62.5;62.5;62.5;0;0;5.454545455;9;27.27272727;4.5;20;4
0;0;0;1;1;0;1;1;2;0;10;2;41;41;41;41;16.52173913;5;0;0;6.086956522;6.5;9.565217391;6
1;0;0;0;1;1;1;0;2;2;15;0;25;25;25;25;9.090909091;9;27.27272727;5;20;4.5;0;0
0;1;0;0;1;1;1;0;2;2;20;0;35.66666667;35.66666667;35.66666667;35.66666667;6.111111111;9;3.333333333;9;5;2.5;0;0
0;0;0;1;1;0;1;1;2;0;15;2;53;53;53;53;7.368421053;7;0;0;11.57894737;2.5;15.78947368;8
0;0;1;0;1;0;1;1;2;0;5;2;65.5;65.5;65.5;65.5;6.666666667;5;0;0;13.33333333;4.5;12;8
0;0;1;0;0;1;1;0;0;2;15;0;20;20;20;20;0;0;6.666666667;9;17.33333333;4.5;0;0
0;1;0;0;0;1;1;1;0;2;5;2;52.66666667;52.66666667;52.66666667;52.66666667;0;0;6.666666667;5;2.857142857;4.5;10.47619048;8
1;0;0;0;1;1;1;0;2;2;10;0;46.33333333;46.33333333;46.33333333;46.33333333;4.761904762;7;10.47619048;5;10.47619048;6.5;0;0
0;0;0;1;1;0;1;1;2;0;20;2;21.25;21.25;21.25;21.25;6.956521739;7;0;0;9.565217391;2.5;7.826086957;8
1;0;0;0;1;1;1;0;2;2;15;0;12.25;12.25;12.25;12.25;4.285714286;7;24.28571429;5;15.71428571;6.5;0;0
0;0;1;0;0;1;1;1;0;2;15;2;40.25;40.25;40.25;40.25;0;0;6.315789474;9;9.473684211;4.5;13.68421053;4
1;0;0;0;1;0;1;1;2;0;20;2;34;34;34;34;5.217391304;5;0;0;9.565217391;6.5;7.826086957;6
0;1;0;0;0;1;1;1;0;2;25;2;21.66666667;21.66666667;21.66666667;21.66666667;0;0;17.33333333;9;14.66666667;4.5;12;4
0;0;1;0;0;0;1;1;0;0;15;2;36;36;36;36;0;0;0;0;3.333333333;6.5;6.111111111;4
0;1;0;0;0;1;1;0;0;2;10;0;30.5;30.5;30.5;30.5;0;0;3.888888889;5;6.111111111;4.5;0;0
0;0;1;0;1;1;1;0;2;2;10;0;27;27;27;27;60;5;36;7;68;6.5;0;0
0;0;0;1;1;0;1;1;2;0;25;2;49;49;49;49;44;9;0;0;44;2.5;36;6
1;0;0;0;1;0;1;0;2;0;20;0;47.5;47.5;47.5;47.5;13.33333333;9;0;0;12;2.5;0;0
0;0;1;0;0;1;1;0;0;2;25;0;26;26;26;26;0;0;10.76923077;7;9.230769231;4.5;0;0
0;1;0;0;0;1;1;0;0;2;15;0;22.5;22.5;22.5;22.5;0;0;16.92307692;7;4.615384615;2.5;0;0
0;0;1;0;1;0;1;1;2;0;10;2;29.6;29.6;29.6;29.6;12.30769231;7;0;0;10.76923077;6.5;29.23076923;4
0;0;0;1;0;0;1;1;0;0;5;2;67;67;67;67;0;0;0;0;9.090909091;2.5;20;8
0;1;0;0;0;1;1;1;0;2;15;2;24;24;24;24;0;0;6.666666667;9;33.33333333;4.5;24.44444444;4
0;0;1;0;1;0;1;0;2;0;25;0;35.66666667;35.66666667;35.66666667;35.66666667;8.333333333;5;0;0;8.333333333;4.5;0;0
0;0;0;1;1;0;1;1;2;0;25;2;40;40;40;40;9.444444444;7;0;0;3.333333333;2.5;6.111111111;8
0;0;1;0;1;1;1;0;2;2;15;0;32.33333333;32.33333333;32.33333333;32.33333333;9.473684211;9;7.368421053;7;5.263157895;2.5;0;0
0;0;1;0;1;1;1;0;2;2;10;0;44;44;44;44;2.608695652;9;7.826086957;5;13.04347826;4.5;0;0
0;1;0;0;1;1;1;0;2;2;25;0;40.6;40.6;40.6;40.6;12;7;5.6;9;4;2.5;0;0
0;0;0;1;0;1;1;1;0;2;20;2;66.5;66.5;66.5;66.5;0;0;2.857142857;9;10.47619048;4.5;10.47619048;4
1;0;0;0;1;0;1;1;2;0;20;2;43;43;43;43;8.571428571;9;0;0;10.47619048;2.5;10.47619048;6
0;0;0;1;0;0;1;1;0;0;20;2;57.5;57.5;57.5;57.5;0;0;0;0;37.77777778;4.5;20;4
0;0;0;1;0;1;0;1;0;2;0;2;33;33;33;33;0;0;7.222222222;9;0;0;5;6
0;1;0;0;0;1;1;1;0;2;25;2;40;40;40;40;0;0;8;7;14.66666667;2.5;20;8
0;0;0;1;0;1;1;1;0;2;10;2;36;36;36;36;0;0;10.90909091;5;12.72727273;6.5;20;6
0;0;1;0;1;0;1;1;2;0;15;2;40;40;40;40;25.33333333;7;0;0;14.66666667;2.5;12;4
0;0;1;0;0;1;1;0;0;2;10;0;34;34;34;34;0;0;11.57894737;7;7.368421053;2.5;0;0
0;0;1;0;0;1;1;1;0;2;25;2;38.66666667;38.66666667;38.66666667;38.66666667;0;0;14.07407407;5;8.148148148;6.5;8.148148148;6
0;0;0;1;1;1;0;1;2;2;0;2;20.75;20.75;20.75;20.75;4.137931034;7;3.448275862;9;0;0;7.586206897;4
1;0;0;0;1;0;1;1;2;0;25;2;23;23;23;23;14.66666667;5;0;0;6.666666667;2.5;12;8
0;0;0;1;1;0;1;1;2;0;5;2;22.5;22.5;22.5;22.5;7.222222222;5;0;0;3.888888889;6.5;4.444444444;6
1;0;0;0;1;0;1;1;2;0;15;2;40.5;40.5;40.5;40.5;2.777777778;9;0;0;9.444444444;6.5;6.111111111;6
1;0;0;0;1;0;1;1;2;0;20;2;46.66666667;46.66666667;46.66666667;46.66666667;13.68421053;5;0;0;17.89473684;6.5;9.473684211;6
0;0;0;1;0;1;1;1;0;2;10;2;21.5;21.5;21.5;21.5;0;0;16.92307692;7;20;6.5;13.84615385;4
0;1;0;0;0;1;1;0;0;2;20;0;22.6;22.6;22.6;22.6;0;0;8.571428571;5;18.57142857;6.5;0;0
1;0;0;0;1;0;1;0;2;0;25;0;32;32;32;32;24.44444444;9;0;0;13.33333333;2.5;0;0
0;1;0;0;0;1;1;1;0;2;5;2;61;61;61;61;0;0;12.85714286;7;18.57142857;6.5;12.85714286;4
1;0;0;0;1;0;1;0;2;0;20;0;55;55;55;55;13.33333333;9;0;0;12;2.5;0;0
0;0;1;0;1;0;1;0;2;0;5;0;31;31;31;31;7.368421053;9;0;0;11.57894737;4.5;0;0
1;0;0;0;1;0;1;1;2;0;25;2;39;39;39;39;15.29411765;5;0;0;5.882352941;4.5;17.64705882;4
0;0;1;0;0;1;1;0;0;2;10;0;57.5;57.5;57.5;57.5;0;0;5.263157895;7;10.52631579;2.5;0;0
0;0;1;0;0;1;1;1;0;2;25;2;52.5;52.5;52.5;52.5;0;0;6.111111111;7;5;6.5;5;4
1;0;0;0;1;0;1;0;2;0;25;0;40.25;40.25;40.25;40.25;9.473684211;9;0;0;15.78947368;4.5;0;0
0;1;0;0;0;1;1;1;0;2;20;2;65;65;65;65;0;0;14.28571429;9;42.85714286;4.5;25.71428571;4
1;0;0;0;1;0;1;1;2;0;15;2;38.33333333;38.33333333;38.33333333;38.33333333;24.28571429;5;0;0;14.28571429;6.5;12.85714286;6
0;0;1;0;1;1;1;0;2;2;10;0;65;65;65;65;52;9;32;5;28;4.5;0;0
0;0;1;0;1;1;1;0;2;2;25;0;37.66666667;37.66666667;37.66666667;37.66666667;13.84615385;7;13.84615385;9;15.38461538;2.5;0;0
0;0;0;1;0;0;1;1;0;0;15;2;23;23;23;23;0;0;0;0;37.77777778;6.5;24.44444444;6
0;0;1;0;1;0;1;0;2;0;20;0;28;28;28;28;12.38095238;7;0;0;16.19047619;6.5;0;0
0;0;1;0;1;0;1;1;2;0;15;2;17.25;17.25;17.25;17.25;2.777777778;5;0;0;6.111111111;6.5;9.444444444;4
1;0;0;0;1;1;1;0;2;2;5;0;28;28;28;28;18.0952381;5;2.857142857;9;7.619047619;4.5;0;0
0;1;0;0;0;1;1;0;0;2;5;0;56.5;56.5;56.5;56.5;0;0;12;7;9.333333333;6.5;0;0
0;0;0;1;0;1;1;1;0;2;10;2;31;31;31;31;0;0;17.14285714;5;20;4.5;25.71428571;8
1;0;0;0;1;0;1;0;2;0;15;0;52.5;52.5;52.5;52.5;1.666666667;9;0;0;5;2.5;0;0
0;0;1;0;0;1;1;1;0;2;10;2;30;30;30;30;0;0;13.84615385;9;10.76923077;4.5;15.38461538;6
0;0;0;1;0;1;1;1;0;2;20;2;26;26;26;26;0;0;13.84615385;7;10.76923077;6.5;13.84615385;4
0;1;0;0;0;1;1;0;0;2;10;0;23;23;23;23;0;0;9.333333333;7;9.333333333;2.5;0;0
0;0;1;0;0;1;1;0;0;2;5;0;59;59;59;59;0;0;20;7;20;6.5;0;0
0;1;0;0;0;1;1;1;0;2;20;2;26;26;26;26;0;0;9.230769231;7;16.92307692;6.5;13.84615385;4
0;0;0;1;1;1;0;1;2;2;0;2;57.5;57.5;57.5;57.5;7.368421053;5;13.68421053;7;0;0;13.68421053;8
0;0;1;0;1;0;1;1;2;0;25;2;32.5;32.5;32.5;32.5;11.30434783;7;0;0;6.086956522;2.5;7.826086957;8
0;0;1;0;1;1;1;0;2;2;25;0;38.2;38.2;38.2;38.2;3.333333333;9;9.444444444;7;6.111111111;2.5;0;0
0;0;1;0;0;1;1;1;0;2;15;2;36;36;36;36;0;0;20;5;4.615384615;4.5;13.84615385;8
0;0;1;0;0;1;1;0;0;2;25;0;58;58;58;58;0;0;15.71428571;9;15.71428571;4.5;0;0
0;0;0;1;1;0;1;1;2;0;15;2;39.33333333;39.33333333;39.33333333;39.33333333;8.148148148;5;0;0;5.185185185;6.5;6.666666667;6
0;0;1;0;0;1;1;1;0;2;20;2;35.5;35.5;35.5;35.5;0;0;21.42857143;5;10;6.5;12.85714286;6
1;0;0;0;1;0;1;1;2;0;15;2;32.5;32.5;32.5;32.5;12.72727273;5;0;0;18.18181818;6.5;14.54545455;6
0;0;1;0;0;0;1;1;0;0;25;2;27;27;27;27;0;0;0;0;28.88888889;6.5;20;6
0;0;1;0;1;1;1;0;2;2;5;0;63;63;63;63;12.72727273;7;23.63636364;7;14.54545455;2.5;0;0
0;0;1;0;0;1;1;1;0;2;15;2;59;59;59;59;0;0;9.090909091;7;20;2.5;20;8
0;0;0;1;1;0;1;1;2;0;5;2;60.5;60.5;60.5;60.5;6.666666667;9;0;0;20;6.5;12;6
0;0;1;0;1;0;1;1;2;0;25;2;31.5;31.5;31.5;31.5;5.263157895;9;0;0;7.368421053;2.5;13.68421053;6
0;0;0;1;0;1;1;1;0;2;10;2;19.33333333;19.33333333;19.33333333;19.33333333;0;0;10.76923077;5;16.92307692;6.5;13.84615385;6
0;0;1;0;0;1;1;0;0;2;20;0;38;38;38;38;0;0;10.47619048;9;2.857142857;2.5;0;0
1;0;0;0;1;0;1;0;2;0;10;0;41;41;41;41;24.28571429;5;0;0;15.71428571;4.5;0;0
0;1;0;0;1;1;1;0;2;2;10;0;65;65;65;65;20;7;44;9;44;2.5;0;0
0;1;0;0;0;1;1;1;0;2;10;2;17.33333333;17.33333333;17.33333333;17.33333333;0;0;10.58823529;5;17.64705882;6.5;10.58823529;8
0;0;1;0;0;1;1;0;0;2;5;0;64;64;64;64;0;0;15.78947368;9;11.57894737;4.5;0;0
0;0;1;0;1;1;1;0;2;2;5;0;31.5;31.5;31.5;31.5;9.473684211;9;13.68421053;7;6.315789474;2.5;0;0
0;0;0;1;1;0;1;1;2;0;15;2;25.33333333;25.33333333;25.33333333;25.33333333;9.473684211;7;0;0;11.57894737;2.5;9.473684211;8
0;0;1;0;1;0;1;0;2;0;5;0;30.6;30.6;30.6;30.6;9.333333333;9;0;0;14.66666667;4.5;0;0
0;0;0;1;0;0;1;1;0;0;5;2;33.5;33.5;33.5;33.5;0;0;0;0;10.47619048;4.5;8.571428571;4
0;1;0;0;1;1;1;0;2;2;5;0;33.66666667;33.66666667;33.66666667;33.66666667;27.14285714;5;4.285714286;9;15.71428571;4.5;0;0
0;1;0;0;0;1;1;0;0;2;5;0;26;26;26;26;0;0;13.84615385;5;12.30769231;2.5;0;0
0;0;1;0;1;1;1;0;2;2;10;0;67;67;67;67;9.090909091;7;12.72727273;5;23.63636364;6.5;0;0
0;0;1;0;1;0;1;1;2;0;20;2;46;46;46;46;52;5;0;0;12;4.5;44;6
0;0;1;0;1;0;1;1;2;0;15;2;50.66666667;50.66666667;50.66666667;50.66666667;8.235294118;5;0;0;17.64705882;4.5;20;6
1;0;0;0;1;0;1;0;2;0;15;0;70.5;70.5;70.5;70.5;20;5;0;0;10.76923077;6.5;0;0
0;0;0;1;0;1;1;1;0;2;5;2;31.5;31.5;31.5;31.5;0;0;3.529411765;9;15.29411765;4.5;20;4
0;1;0;0;0;1;1;1;0;2;25;2;57.5;57.5;57.5;57.5;0;0;10.66666667;9;9.333333333;4.5;20;4
0;1;0;0;1;1;0;1;2;2;0;2;67;67;67;67;28;7;52;9;0;0;36;4
0;0;1;0;0;1;1;0;0;2;25;0;34.8;34.8;34.8;34.8;0;0;28.88888889;7;11.11111111;2.5;0;0
0;0;0;1;1;0;1;1;2;0;15;2;32;32;32;32;13.04347826;9;0;0;7.826086957;2.5;6.956521739;8
0;0;0;1;1;0;1;1;2;0;10;2;47;47;47;47;30.90909091;5;0;0;12.72727273;6.5;20;6
1;0;0;0;1;0;1;0;2;0;15;0;60.5;60.5;60.5;60.5;7.058823529;9;0;0;5.882352941;2.5;0;0
1;0;0;0;1;0;1;1;2;0;10;2;31;31;31;31;17.33333333;7;0;0;13.33333333;2.5;14.66666667;8
0;1;0;0;0;1;1;0;0;2;10;0;36.33333333;36.33333333;36.33333333;36.33333333;0;0;21.42857143;5;18.57142857;6.5;0;0
0;1;0;0;0;1;1;1;0;2;20;2;69.5;69.5;69.5;69.5;0;0;17.64705882;5;17.64705882;6.5;10.58823529;6
0;0;1;0;1;0;1;0;2;0;10;0;23;23;23;23;13.33333333;7;0;0;9.333333333;6.5;0;0
1;0;0;0;1;1;0;1;2;2;0;2;57.5;57.5;57.5;57.5;15.71428571;9;18.57142857;7;0;0;12.85714286;4
0;0;1;0;1;1;1;0;2;2;10;0;31;31;31;31;2.4;9;12;9;5.6;2.5;0;0
0;0;0;1;0;1;1;1;0;2;25;2;36.33333333;36.33333333;36.33333333;36.33333333;0;0;15.71428571;7;12.85714286;2.5;12.85714286;8
0;0;0;1;1;0;1;1;2;0;25;2;62.5;62.5;62.5;62.5;9.411764706;7;0;0;12.94117647;2.5;10.58823529;8
0;0;1;0;0;1;1;0;0;2;20;0;19.66666667;19.66666667;19.66666667;19.66666667;0;0;20;5;20;6.5;0;0
0;0;0;1;0;1;1;1;0;2;5;2;33.66666667;33.66666667;33.66666667;33.66666667;0;0;30.90909091;9;27.27272727;4.5;16.36363636;4
0;1;0;0;1;1;0;1;2;2;0;2;36;36;36;36;30.90909091;7;20;5;0;0;20;8
1;0;0;0;1;1;1;0;2;2;25;0;34.5;34.5;34.5;34.5;5.882352941;5;12.94117647;9;15.29411765;4.5;0;0
0;0;1;0;0;1;1;0;0;2;5;0;33.2;33.2;33.2;33.2;0;0;15.29411765;9;12.94117647;4.5;0;0
0;0;1;0;1;0;1;1;2;0;25;2;34;34;34;34;20;5;0;0;8.421052632;4.5;11.57894737;6
0;0;0;1;1;0;1;1;2;0;25;2;55;55;55;55;5.882352941;9;0;0;8.235294118;2.5;17.64705882;6
0;0;0;1;1;0;0;1;2;0;0;2;13;13;13;13;14.66666667;5;0;0;0;0;17.33333333;6
0;1;0;0;0;1;1;1;0;2;10;2;41.5;41.5;41.5;41.5;0;0;7.368421053;7;20;6.5;11.57894737;4
0;0;1;0;1;1;1;0;2;2;5;0;39.33333333;39.33333333;39.33333333;39.33333333;6.666666667;9;8.148148148;7;11.11111111;4.5;0;0
0;0;0;1;0;1;1;1;0;2;20;2;36.33333333;36.33333333;36.33333333;36.33333333;0;0;12.85714286;9;7.142857143;2.5;18.57142857;6
0;0;0;1;0;0;1;1;0;0;15;2;41;41;41;41;0;0;0;0;9.565217391;4.5;7.826086957;4
0;0;1;0;0;1;1;1;0;2;10;2;59;59;59;59;0;0;17.33333333;9;8;2.5;12;6
0;1;0;0;1;1;1;0;2;2;5;0;70.5;70.5;70.5;70.5;10.76923077;5;7.692307692;9;13.84615385;4.5;0;0
0;0;0;1;1;1;0;1;2;2;0;2;46.33333333;46.33333333;46.33333333;46.33333333;6.666666667;7;18.0952381;9;0;0;12.38095238;4
0;0;0;1;0;1;1;1;0;2;20;2;21;21;21;21;0;0;32;9;20;2.5;44;6
1;0;0;0;1;0;1;1;2;0;15;2;30.5;30.5;30.5;30.5;9.090909091;5;0;0;27.27272727;6.5;16.36363636;8
1;0;0;0;1;1;0;1;2;2;0;2;32.33333333;32.33333333;32.33333333;32.33333333;20;5;16.36363636;7;0;0;16.36363636;8
1;0;0;0;1;1;1;0;2;2;20;0;52;52;52;52;10.76923077;7;16.92307692;5;29.23076923;4.5;0;0
0;0;1;0;0;1;1;0;0;2;10;0;61.5;61.5;61.5;61.5;0;0;20;9;4.615384615;2.5;0;0
1;0;0;0;1;0;1;1;2;0;25;2;33.5;33.5;33.5;33.5;6.666666667;9;0;0;10.47619048;4.5;8.571428571;4
0;0;1;0;0;0;1;1;0;0;15;2;32;32;32;32;0;0;0;0;8.235294118;4.5;20;4
0;0;1;0;0;1;1;1;0;2;5;2;40;40;40;40;0;0;20;5;7.368421053;6.5;9.473684211;6
0;0;0;1;0;1;1;1;0;2;5;2;39.33333333;39.33333333;39.33333333;39.33333333;0;0;10;9;15.71428571;4.5;12.85714286;4
1;0;0;0;1;0;1;1;2;0;5;2;33.5;33.5;33.5;33.5;5.714285714;5;0;0;6.666666667;6.5;8.571428571;6
1;0;0;0;1;0;1;1;2;0;15;2;63;63;63;63;10;7;0;0;27.14285714;4.5;15.71428571;4
0;0;0;1;0;1;1;1;0;2;10;2;22.4;22.4;22.4;22.4;0;0;11.76470588;5;10.58823529;2.5;10.58823529;6
0;0;0;1;1;0;1;1;2;0;15;2;40.33333333;40.33333333;40.33333333;40.33333333;3.888888889;5;0;0;9.444444444;6.5;6.111111111;6
0;0;0;1;0;1;1;1;0;2;25;2;62.5;62.5;62.5;62.5;0;0;10.4;9;4;4.5;8.8;4
0;0;1;0;1;1;1;0;2;2;15;0;32.33333333;32.33333333;32.33333333;32.33333333;8.421052632;5;7.368421053;7;7.368421053;6.5;0;0
1;0;0;0;1;1;0;1;2;2;0;2;66.5;66.5;66.5;66.5;16.92307692;7;20;5;0;0;13.84615385;8
0;0;0;1;1;0;1;1;2;0;5;2;52;52;52;52;8.695652174;7;0;0;7.826086957;2.5;9.565217391;8
0;0;1;0;1;1;1;0;2;2;10;0;31.5;31.5;31.5;31.5;3.448275862;9;4.137931034;7;7.586206897;2.5;0;0
0;0;1;0;0;1;1;0;0;2;20;0;20;20;20;20;0;0;28.88888889;7;15.55555556;6.5;0;0
1;0;0;0;1;1;1;0;2;2;10;0;31;31;31;31;5;9;7.222222222;5;2.777777778;4.5;0;0
0;1;0;0;1;1;1;0;2;2;10;0;64.5;64.5;64.5;64.5;7.2;9;4;7;5.6;2.5;0;0
1;0;0;0;1;0;1;1;2;0;5;2;53;53;53;53;8.235294118;5;0;0;5.882352941;4.5;11.76470588;6
0;0;1;0;0;1;1;1;0;2;5;2;46.66666667;46.66666667;46.66666667;46.66666667;0;0;15.78947368;7;5.263157895;2.5;9.473684211;8
0;1;0;0;1;1;0;1;2;2;0;2;31.5;31.5;31.5;31.5;10.34482759;9;6.206896552;7;0;0;6.206896552;4
1;0;0;0;1;1;1;0;2;2;5;0;63;63;63;63;31.42857143;9;31.42857143;7;31.42857143;2.5;0;0
1;0;0;0;1;1;1;0;2;2;5;0;23;23;23;23;33.33333333;5;11.11111111;9;15.55555556;4.5;0;0
0;0;1;0;1;0;1;1;2;0;10;2;36;36;36;36;22.35294118;7;0;0;8.235294118;6.5;12.94117647;4
0;0;0;1;1;0;1;1;2;0;5;2;32.75;32.75;32.75;32.75;44;9;0;0;24;4.5;32;4
0;0;1;0;0;0;1;1;0;0;15;2;46.5;46.5;46.5;46.5;0;0;0;0;8.421052632;2.5;9.473684211;6
0;1;0;0;1;1;0;0;2;2;0;0;49;49;49;49;28.88888889;7;15.55555556;9;0;0;0;0
1;0;0;0;1;0;1;1;2;0;25;2;60;60;60;60;24;9;0;0;28;4.5;76;4
0;0;0;1;1;0;1;1;2;0;25;2;33.2;33.2;33.2;33.2;8.235294118;9;0;0;12.94117647;2.5;12.94117647;6
0;0;1;0;1;0;1;1;2;0;25;2;64.5;64.5;64.5;64.5;4.285714286;7;0;0;15.71428571;6.5;18.57142857;4
1;0;0;0;1;1;1;0;2;2;10;0;55;55;55;55;20;9;28.88888889;5;11.11111111;4.5;0;0
0;0;0;1;1;0;0;1;2;0;0;2;34;34;34;34;10.34482759;5;0;0;0;0;6.206896552;8
0;0;0;1;0;1;1;1;0;2;25;2;59;59;59;59;0;0;28.88888889;7;13.33333333;6.5;20;4
0;0;0;1;0;1;1;1;0;2;10;2;25.2;25.2;25.2;25.2;0;0;3.888888889;9;3.888888889;4.5;5;4
1;0;0;0;1;0;1;1;2;0;25;2;49;49;49;49;6.666666667;7;0;0;33.33333333;6.5;20;4
0;0;0;1;0;1;1;1;0;2;20;2;40;40;40;40;0;0;16.92307692;9;16.92307692;2.5;16.92307692;6
0;0;1;0;1;0;1;0;2;0;20;0;62.5;62.5;62.5;62.5;12;5;0;0;15.2;6.5;0;0
0;0;0;1;0;1;1;1;0;2;15;2;22;22;22;22;0;0;37.14285714;5;20;4.5;25.71428571;8
0;0;0;1;0;0;1;1;0;0;20;2;52;52;52;52;0;0;0;0;6.111111111;4.5;4.444444444;4
1;0;0;0;1;1;1;0;2;2;10;0;33.66666667;33.66666667;33.66666667;33.66666667;12.72727273;7;9.090909091;7;12.72727273;6.5;0;0
0;0;1;0;1;1;1;0;2;2;5;0;28;28;28;28;9.333333333;5;25.33333333;5;9.333333333;6.5;0;0
0;0;1;0;1;1;1;0;2;2;20;0;48.5;48.5;48.5;48.5;11.57894737;9;13.68421053;5;5.263157895;4.5;0;0
0;0;0;1;1;0;1;1;2;0;10;2;67;67;67;67;9.090909091;9;0;0;16.36363636;2.5;16.36363636;4
0;0;0;1;0;1;1;1;0;2;25;2;41.33333333;41.33333333;41.33333333;41.33333333;0;0;17.14285714;5;37.14285714;4.5;28.57142857;8
0;1;0;0;0;1;1;1;0;2;25;2;40;40;40;40;0;0;17.33333333;5;25.33333333;4.5;17.33333333;8
1;0;0;0;1;1;1;0;2;2;10;0;56;56;56;56;4;9;12;5;20;4.5;0;0
1;0;0;0;1;0;1;1;2;0;20;2;42;42;42;42;16.52173913;9;0;0;6.086956522;2.5;7.826086957;4
1;0;0;0;1;1;0;1;2;2;0;2;41.33333333;41.33333333;41.33333333;41.33333333;7.142857143;7;21.42857143;5;0;0;15.71428571;8
1;0;0;0;1;1;1;0;2;2;10;0;67;67;67;67;17.14285714;9;37.14285714;7;20;2.5;0;0
0;0;0;1;0;0;1;1;0;0;5;2;39;39;39;39;0;0;0;0;12.72727273;2.5;27.27272727;6
0;0;0;1;1;1;0;1;2;2;0;2;51.5;51.5;51.5;51.5;24.44444444;5;6.666666667;9;0;0;24.44444444;6
0;0;1;0;1;0;1;1;2;0;10;2;18.75;18.75;18.75;18.75;10.76923077;7;0;0;10.76923077;6.5;16.92307692;4
0;0;1;0;0;1;1;0;0;2;5;0;29.75;29.75;29.75;29.75;0;0;12.38095238;5;6.666666667;4.5;0;0
1;0;0;0;1;1;1;0;2;2;15;0;36;36;36;36;11.30434783;9;16.52173913;7;6.086956522;2.5;0;0
0;0;0;1;1;1;0;1;2;2;0;2;29.75;29.75;29.75;29.75;10.47619048;5;2.857142857;9;0;0;10.47619048;6
0;0;1;0;0;1;1;1;0;2;10;2;12.25;12.25;12.25;12.25;0;0;11.42857143;7;18.57142857;6.5;21.42857143;4
1;0;0;0;1;0;1;1;2;0;10;2;67;67;67;67;36;9;0;0;52;4.5;60;4
1;0;0;0;1;1;1;0;2;2;5;0;55;55;55;55;22.22222222;7;28.88888889;9;20;2.5;0;0
0;0;1;0;1;0;1;0;2;0;15;0;50.66666667;50.66666667;50.66666667;50.66666667;17.64705882;5;0;0;10.58823529;6.5;0;0
0;0;0;1;0;0;1;1;0;0;10;2;20;20;20;20;0;0;0;0;24.44444444;2.5;33.33333333;6
0;0;1;0;1;0;1;0;2;0;25;0;30.5;30.5;30.5;30.5;9.473684211;9;0;0;15.78947368;4.5;0;0
0;1;0;0;1;1;1;0;2;2;25;0;40;40;40;40;20;9;10.76923077;7;13.84615385;2.5;0;0
1;0;0;0;1;0;1;1;2;0;20;2;25.5;25.5;25.5;25.5;70;9;0;0;130;4.5;80;4
0;0;0;1;1;0;1;1;2;0;20;2;18;18;18;18;3.888888889;7;0;0;5;2.5;5;8
0;0;1;0;0;1;1;1;0;2;25;2;48.25;48.25;48.25;48.25;0;0;25.33333333;7;17.33333333;6.5;12;4
0;0;0;1;1;1;0;1;2;2;0;2;36;36;36;36;17.89473684;5;15.78947368;9;0;0;9.473684211;6
0;0;0;1;0;1;1;1;0;2;25;2;25.2;25.2;25.2;25.2;0;0;7.222222222;9;3.333333333;4.5;4.444444444;4
1;0;0;0;1;1;1;0;2;2;20;0;62;62;62;62;22.85714286;9;54.28571429;7;20;2.5;0;0
0;0;1;0;0;0;1;1;0;0;25;2;43.33333333;43.33333333;43.33333333;43.33333333;0;0;0;0;1.666666667;2.5;5;8
0;1;0;0;0;1;1;0;0;2;15;0;38.5;38.5;38.5;38.5;0;0;20;5;10.90909091;4.5;0;0
0;0;0;1;1;0;1;1;2;0;25;2;34.75;34.75;34.75;34.75;7.692307692;9;0;0;13.84615385;2.5;13.84615385;6
0;1;0;0;0;1;1;0;0;2;20;0;27;27;27;27;0;0;7.142857143;9;12.85714286;2.5;0;0
0;0;0;1;0;0;1;1;0;0;10;2;64;64;64;64;0;0;0;0;10;4.5;12.85714286;4
0;1;0;0;0;1;1;1;0;2;25;2;60.5;60.5;60.5;60.5;0;0;3.529411765;9;20;4.5;12.94117647;4
1;0;0;0;1;1;1;0;2;2;15;0;32.33333333;32.33333333;32.33333333;32.33333333;11.57894737;7;9.473684211;5;9.473684211;6.5;0;0
0;0;0;1;0;1;1;1;0;2;10;2;26;26;26;26;0;0;9.090909091;5;18.18181818;6.5;16.36363636;6
0;0;1;0;1;0;1;1;2;0;25;2;32.33333333;32.33333333;32.33333333;32.33333333;16.36363636;7;0;0;30.90909091;6.5;16.36363636;4
0;0;0;1;0;0;1;1;0;0;20;2;30.33333333;30.33333333;30.33333333;30.33333333;0;0;0;0;5.263157895;4.5;9.473684211;8
0;0;1;0;0;1;1;0;0;2;15;0;34;34;34;34;0;0;11.57894737;9;7.368421053;2.5;0;0
1;0;0;0;1;0;1;1;2;0;15;2;24;24;24;24;4.615384615;9;0;0;13.84615385;4.5;20;4
0;0;0;1;0;1;1;1;0;2;25;2;37;37;37;37;0;0;6.206896552;7;3.448275862;2.5;6.896551724;8
0;1;0;0;1;1;0;1;2;2;0;2;59;59;59;59;28.88888889;7;15.55555556;9;0;0;20;4
0;0;1;0;0;1;1;0;0;2;25;0;17.75;17.75;17.75;17.75;0;0;9.333333333;7;25.33333333;6.5;0;0
0;1;0;0;1;1;1;0;2;2;5;0;65.5;65.5;65.5;65.5;24.28571429;5;10;7;18.57142857;6.5;0;0
0;0;0;1;1;0;1;1;2;0;25;2;38.2;38.2;38.2;38.2;5;7;0;0;3.888888889;6.5;9.444444444;4
0;0;1;0;1;0;1;0;2;0;10;0;25.2;25.2;25.2;25.2;7.222222222;7;0;0;6.111111111;6.5;0;0
0;0;1;0;0;0;1;1;0;0;10;2;25;25;25;25;0;0;0;0;7.826086957;4.5;9.565217391;4
